aa_new_seq	aa_position	aa_ref_seq	clone	codon_new_seq	codon_number	codon_position	codon_position_is_indeterminate	codon_ref_seq	gene_name	gene_position	gene_product	gene_strand	genes_inactivated	genes_overlapping	genes_promoter	insert_position	locus_tag	locus_tags_inactivated	locus_tags_overlapping	locus_tags_promoter	mutation_category	mutator_status	new_read_count	new_read_count_basis	new_seq	population	position	position_end	position_start	ref_read_count	ref_read_count_basis	ref_seq	seq_id	size	snp_type	time	title	transl_table	treatment	type
									–/–	intergenic (–/–)	–/–	–/–					–/–				large_deletion		0	0			1	23319	1	0	0	23319-bp	CU458745	23319		-1	output			DEL
T	35	T		ACT	35	3		ACC	dnaA	105	Chromosomal replication initiator protein DnaA	>		dnaA			MAB_0001		MAB_0001		snp_synonymous		0	0	T		105	105	105	0	0	C	CU458896		synonymous	-1	output	11		SNP
R	73	R		CGC	73	3		CGG	dnaA	219	Chromosomal replication initiator protein DnaA	>		dnaA			MAB_0001		MAB_0001		snp_synonymous		0	0	C		219	219	219	0	0	G	CU458896		synonymous	-1	output	11		SNP
P	75	P		CCC	75	3		CCT	dnaA	225	Chromosomal replication initiator protein DnaA	>		dnaA			MAB_0001		MAB_0001		snp_synonymous		0	0	C		225	225	225	0	0	T	CU458896		synonymous	-1	output	11		SNP
R	93	R		CGG	93	3		CGC	dnaA	279	Chromosomal replication initiator protein DnaA	>		dnaA			MAB_0001		MAB_0001		snp_synonymous		0	0	G		279	279	279	0	0	C	CU458896		synonymous	-1	output	11		SNP
A	98	A		GCT	98	3		GCC	dnaA	294	Chromosomal replication initiator protein DnaA	>		dnaA			MAB_0001		MAB_0001		snp_synonymous		0	0	T		294	294	294	0	0	C	CU458896		synonymous	-1	output	11		SNP
S	130	S		TCG	130	3		TCC	dnaA	390	Chromosomal replication initiator protein DnaA	>		dnaA			MAB_0001		MAB_0001		snp_synonymous		0	0	G		390	390	390	0	0	C	CU458896		synonymous	-1	output	11		SNP
A	141	G		GCC	141	2		GGC	dnaA	422	Chromosomal replication initiator protein DnaA	>		dnaA			MAB_0001		MAB_0001		snp_nonsynonymous		0	0	C		422	422	422	0	0	G	CU458896		nonsynonymous	-1	output	11		SNP
V	162	V		GTC	162	3		GTT	dnaA	486	Chromosomal replication initiator protein DnaA	>		dnaA			MAB_0001		MAB_0001		snp_synonymous		0	0	C		486	486	486	0	0	T	CU458896		synonymous	-1	output	11		SNP
I	190	I		ATC	190	3		ATT	dnaA	570	Chromosomal replication initiator protein DnaA	>		dnaA			MAB_0001		MAB_0001		snp_synonymous		0	0	C		570	570	570	0	0	T	CU458896		synonymous	-1	output	11		SNP
F	213	F		TTC	213	3		TTT	dnaA	639	Chromosomal replication initiator protein DnaA	>		dnaA			MAB_0001		MAB_0001		snp_synonymous		0	0	C		639	639	639	0	0	T	CU458896		synonymous	-1	output	11		SNP
S	222	S		TCC	222	3		TCT	dnaA	666	Chromosomal replication initiator protein DnaA	>		dnaA			MAB_0001		MAB_0001		snp_synonymous		0	0	C		666	666	666	0	0	T	CU458896		synonymous	-1	output	11		SNP
L	277	L		CTG	277	1		TTG	dnaA	829	Chromosomal replication initiator protein DnaA	>		dnaA			MAB_0001		MAB_0001		snp_synonymous		0	0	C		829	829	829	0	0	T	CU458896		synonymous	-1	output	11		SNP
L	302	L		TTA	302	3		TTG	dnaA	906	Chromosomal replication initiator protein DnaA	>		dnaA			MAB_0001		MAB_0001		snp_synonymous		0	0	A		906	906	906	0	0	G	CU458896		synonymous	-1	output	11		SNP
R	327	R		CGT	327	3		CGC	dnaA	981	Chromosomal replication initiator protein DnaA	>		dnaA			MAB_0001		MAB_0001		snp_synonymous		0	0	T		981	981	981	0	0	C	CU458896		synonymous	-1	output	11		SNP
A	330	A		GCA	330	3		GCG	dnaA	990	Chromosomal replication initiator protein DnaA	>		dnaA			MAB_0001		MAB_0001		snp_synonymous		0	0	A		990	990	990	0	0	G	CU458896		synonymous	-1	output	11		SNP
I	393	I		ATC	393	3		ATT	dnaA	1179	Chromosomal replication initiator protein DnaA	>		dnaA			MAB_0001		MAB_0001		snp_synonymous		0	0	C		1179	1179	1179	0	0	T	CU458896		synonymous	-1	output	11		SNP
									dnaA/dnaN	intergenic (+6/-687)	Chromosomal replication initiator protein DnaA/DNA polymerase III, beta subunit (DnaN)	>/>			dnaN	1	MAB_0001/MAB_0002			MAB_0002	small_indel		0	0	A		1482	1482	1482	0	0	A	CU458896			-1	output			INS
									dnaA/dnaN	intergenic (+9/-684)	Chromosomal replication initiator protein DnaA/DNA polymerase III, beta subunit (DnaN)	>/>			dnaN		MAB_0001/MAB_0002			MAB_0002	snp_intergenic		0	0	C		1485	1485	1485	0	0	G	CU458896		intergenic	-1	output			SNP
									dnaA/dnaN	intergenic (+70/-623)	Chromosomal replication initiator protein DnaA/DNA polymerase III, beta subunit (DnaN)	>/>			dnaN		MAB_0001/MAB_0002			MAB_0002	snp_intergenic		0	0	C		1546	1546	1546	0	0	T	CU458896		intergenic	-1	output			SNP
									dnaA/dnaN	intergenic (+158/-535)	Chromosomal replication initiator protein DnaA/DNA polymerase III, beta subunit (DnaN)	>/>			dnaN		MAB_0001/MAB_0002			MAB_0002	snp_intergenic		0	0	T		1634	1634	1634	0	0	C	CU458896		intergenic	-1	output			SNP
									dnaA/dnaN	intergenic (+161/-532)	Chromosomal replication initiator protein DnaA/DNA polymerase III, beta subunit (DnaN)	>/>			dnaN		MAB_0001/MAB_0002			MAB_0002	snp_intergenic		0	0	C		1637	1637	1637	0	0	T	CU458896		intergenic	-1	output			SNP
									dnaA/dnaN	intergenic (+229/-464)	Chromosomal replication initiator protein DnaA/DNA polymerase III, beta subunit (DnaN)	>/>			dnaN		MAB_0001/MAB_0002			MAB_0002	snp_intergenic		0	0	A		1705	1705	1705	0	0	G	CU458896		intergenic	-1	output			SNP
									dnaA/dnaN	intergenic (+234/-459)	Chromosomal replication initiator protein DnaA/DNA polymerase III, beta subunit (DnaN)	>/>			dnaN		MAB_0001/MAB_0002			MAB_0002	snp_intergenic		0	0	G		1710	1710	1710	0	0	T	CU458896		intergenic	-1	output			SNP
									dnaA/dnaN	intergenic (+297/-396)	Chromosomal replication initiator protein DnaA/DNA polymerase III, beta subunit (DnaN)	>/>			dnaN		MAB_0001/MAB_0002			MAB_0002	snp_intergenic		0	0	T		1773	1773	1773	0	0	C	CU458896		intergenic	-1	output			SNP
									dnaA/dnaN	intergenic (+360/-333)	Chromosomal replication initiator protein DnaA/DNA polymerase III, beta subunit (DnaN)	>/>			dnaN		MAB_0001/MAB_0002			MAB_0002	snp_intergenic		0	0	A		1836	1836	1836	0	0	C	CU458896		intergenic	-1	output			SNP
									dnaA/dnaN	intergenic (+401/-291)	Chromosomal replication initiator protein DnaA/DNA polymerase III, beta subunit (DnaN)	>/>			dnaN		MAB_0001/MAB_0002			MAB_0002	small_indel		0	0	GT		1877	1878	1877	0	0	AC	CU458896	2		-1	output			SUB
									dnaA/dnaN	intergenic (+433/-260)	Chromosomal replication initiator protein DnaA/DNA polymerase III, beta subunit (DnaN)	>/>			dnaN		MAB_0001/MAB_0002			MAB_0002	snp_intergenic		0	0	T		1909	1909	1909	0	0	C	CU458896		intergenic	-1	output			SNP
									dnaA/dnaN	intergenic (+456/-237)	Chromosomal replication initiator protein DnaA/DNA polymerase III, beta subunit (DnaN)	>/>			dnaN		MAB_0001/MAB_0002			MAB_0002	snp_intergenic		0	0	A		1932	1932	1932	0	0	G	CU458896		intergenic	-1	output			SNP
									dnaA/dnaN	intergenic (+588/-105)	Chromosomal replication initiator protein DnaA/DNA polymerase III, beta subunit (DnaN)	>/>			dnaN		MAB_0001/MAB_0002			MAB_0002	snp_intergenic		0	0	A		2064	2064	2064	0	0	G	CU458896		intergenic	-1	output			SNP
									dnaA/dnaN	intergenic (+641/-52)	Chromosomal replication initiator protein DnaA/DNA polymerase III, beta subunit (DnaN)	>/>			dnaN		MAB_0001/MAB_0002			MAB_0002	small_indel		0	0			2117	2117	2117	0	0	A	CU458896	1		-1	output			DEL
									dnaA/dnaN	intergenic (+650/-43)	Chromosomal replication initiator protein DnaA/DNA polymerase III, beta subunit (DnaN)	>/>			dnaN		MAB_0001/MAB_0002			MAB_0002	snp_intergenic		0	0	C		2126	2126	2126	0	0	T	CU458896		intergenic	-1	output			SNP
									dnaA/dnaN	intergenic (+662/-31)	Chromosomal replication initiator protein DnaA/DNA polymerase III, beta subunit (DnaN)	>/>			dnaN		MAB_0001/MAB_0002			MAB_0002	snp_intergenic		0	0	T		2138	2138	2138	0	0	G	CU458896		intergenic	-1	output			SNP
L	33	L		CTG	33	1		TTG	dnaN	97	DNA polymerase III, beta subunit (DnaN)	>		dnaN			MAB_0002		MAB_0002		snp_synonymous		0	0	C		2265	2265	2265	0	0	T	CU458896		synonymous	-1	output	11		SNP
V	45	V		GTC	45	3		GTG	dnaN	135	DNA polymerase III, beta subunit (DnaN)	>		dnaN			MAB_0002		MAB_0002		snp_synonymous		0	0	C		2303	2303	2303	0	0	G	CU458896		synonymous	-1	output	11		SNP
T	48	T		ACG	48	3		ACC	dnaN	144	DNA polymerase III, beta subunit (DnaN)	>		dnaN			MAB_0002		MAB_0002		snp_synonymous		0	0	G		2312	2312	2312	0	0	C	CU458896		synonymous	-1	output	11		SNP
T	55	T		ACG	55	3		ACA	dnaN	165	DNA polymerase III, beta subunit (DnaN)	>		dnaN			MAB_0002		MAB_0002		snp_synonymous		0	0	G		2333	2333	2333	0	0	A	CU458896		synonymous	-1	output	11		SNP
V	69	V		GTT	69	3		GTC	dnaN	207	DNA polymerase III, beta subunit (DnaN)	>		dnaN			MAB_0002		MAB_0002		snp_synonymous		0	0	T		2375	2375	2375	0	0	C	CU458896		synonymous	-1	output	11		SNP
L	85	L		CTG	85	1		TTG	dnaN	253	DNA polymerase III, beta subunit (DnaN)	>		dnaN			MAB_0002		MAB_0002		snp_synonymous		0	0	C		2421	2421	2421	0	0	T	CU458896		synonymous	-1	output	11		SNP
T	90	T		ACT	90	3		ACC	dnaN	270	DNA polymerase III, beta subunit (DnaN)	>		dnaN			MAB_0002		MAB_0002		snp_synonymous		0	0	T		2438	2438	2438	0	0	C	CU458896		synonymous	-1	output	11		SNP
G	140	G		GGC	140	3		GGT	dnaN	420	DNA polymerase III, beta subunit (DnaN)	>		dnaN			MAB_0002		MAB_0002		snp_synonymous		0	0	C		2588	2588	2588	0	0	T	CU458896		synonymous	-1	output	11		SNP
L	164	L		CTG	164	1		TTG	dnaN	490	DNA polymerase III, beta subunit (DnaN)	>		dnaN			MAB_0002		MAB_0002		snp_synonymous		0	0	C		2658	2658	2658	0	0	T	CU458896		synonymous	-1	output	11		SNP
I	171	I		ATC	171	3		ATA	dnaN	513	DNA polymerase III, beta subunit (DnaN)	>		dnaN			MAB_0002		MAB_0002		snp_synonymous		0	0	C		2681	2681	2681	0	0	A	CU458896		synonymous	-1	output	11		SNP
A	179	A		GCG	179	3		GCT	dnaN	537	DNA polymerase III, beta subunit (DnaN)	>		dnaN			MAB_0002		MAB_0002		snp_synonymous		0	0	G		2705	2705	2705	0	0	T	CU458896		synonymous	-1	output	11		SNP
L	186	L		CTG	186	1		TTG	dnaN	556	DNA polymerase III, beta subunit (DnaN)	>		dnaN			MAB_0002		MAB_0002		snp_synonymous		0	0	C		2724	2724	2724	0	0	T	CU458896		synonymous	-1	output	11		SNP
T	194	T		ACC	194	3		ACA	dnaN	582	DNA polymerase III, beta subunit (DnaN)	>		dnaN			MAB_0002		MAB_0002		snp_synonymous		0	0	C		2750	2750	2750	0	0	A	CU458896		synonymous	-1	output	11		SNP
G	231	G		GGT	231	3		GGG	dnaN	693	DNA polymerase III, beta subunit (DnaN)	>		dnaN			MAB_0002		MAB_0002		snp_synonymous		0	0	T		2861	2861	2861	0	0	G	CU458896		synonymous	-1	output	11		SNP
S	232	S		TCC	232	3		TCG	dnaN	696	DNA polymerase III, beta subunit (DnaN)	>		dnaN			MAB_0002		MAB_0002		snp_synonymous		0	0	C		2864	2864	2864	0	0	G	CU458896		synonymous	-1	output	11		SNP
G	238	G		GGG	238	3		GGC	dnaN	714	DNA polymerase III, beta subunit (DnaN)	>		dnaN			MAB_0002		MAB_0002		snp_synonymous		0	0	G		2882	2882	2882	0	0	C	CU458896		synonymous	-1	output	11		SNP
V	281	V		GTC	281	3		GTT	dnaN	843	DNA polymerase III, beta subunit (DnaN)	>		dnaN			MAB_0002		MAB_0002		snp_synonymous		0	0	C		3011	3011	3011	0	0	T	CU458896		synonymous	-1	output	11		SNP
P	303	P		CCC	303	3		CCG	dnaN	909	DNA polymerase III, beta subunit (DnaN)	>		dnaN			MAB_0002		MAB_0002		snp_synonymous		0	0	C		3077	3077	3077	0	0	G	CU458896		synonymous	-1	output	11		SNP
A	310	A		GCC	310	3		GCG	dnaN	930	DNA polymerase III, beta subunit (DnaN)	>		dnaN			MAB_0002		MAB_0002		snp_synonymous		0	0	C		3098	3098	3098	0	0	G	CU458896		synonymous	-1	output	11		SNP
N	336	N		AAC	336	3		AAT	dnaN	1008	DNA polymerase III, beta subunit (DnaN)	>		dnaN			MAB_0002		MAB_0002		snp_synonymous		0	0	C		3176	3176	3176	0	0	T	CU458896		synonymous	-1	output	11		SNP
S	374	S		TCC	374	3		TCG	dnaN	1122	DNA polymerase III, beta subunit (DnaN)	>		dnaN			MAB_0002		MAB_0002		snp_synonymous		0	0	C		3290	3290	3290	0	0	G	CU458896		synonymous	-1	output	11		SNP
R	396	R		CGA	396	3		CGT	dnaN	1188	DNA polymerase III, beta subunit (DnaN)	>		dnaN			MAB_0002		MAB_0002		snp_synonymous		0	0	A		3356	3356	3356	0	0	T	CU458896		synonymous	-1	output	11		SNP
									dnaN/gnD	intergenic (+17/-34)	DNA polymerase III, beta subunit (DnaN)/6-phosphogluconate dehydrogenase Gnd	>/>			gnD		MAB_0002/MAB_0003			MAB_0003	snp_intergenic		0	0	G		3385	3385	3385	0	0	A	CU458896		intergenic	-1	output			SNP
T	21	A		ACC	21	1		GCC	gnD	61	6-phosphogluconate dehydrogenase Gnd	>		gnD			MAB_0003		MAB_0003		snp_nonsynonymous		0	0	A		3479	3479	3479	0	0	G	CU458896		nonsynonymous	-1	output	11		SNP
R	32	R		CGT	32	3		CGG	gnD	96	6-phosphogluconate dehydrogenase Gnd	>		gnD			MAB_0003		MAB_0003		snp_synonymous		0	0	T		3514	3514	3514	0	0	G	CU458896		synonymous	-1	output	11		SNP
V	54	V		GTG	54	3		GTT	gnD	162	6-phosphogluconate dehydrogenase Gnd	>		gnD			MAB_0003		MAB_0003		snp_synonymous		0	0	G		3580	3580	3580	0	0	T	CU458896		synonymous	-1	output	11		SNP
V	69	A		GTC	69	2		GCC	gnD	206	6-phosphogluconate dehydrogenase Gnd	>		gnD			MAB_0003		MAB_0003		snp_nonsynonymous		0	0	T		3624	3624	3624	0	0	C	CU458896		nonsynonymous	-1	output	11		SNP
L	71	L		CTG	71	3		CTA	gnD	213	6-phosphogluconate dehydrogenase Gnd	>		gnD			MAB_0003		MAB_0003		snp_synonymous		0	0	G		3631	3631	3631	0	0	A	CU458896		synonymous	-1	output	11		SNP
E	77	E		GAA	77	3		GAG	gnD	231	6-phosphogluconate dehydrogenase Gnd	>		gnD			MAB_0003		MAB_0003		snp_synonymous		0	0	A		3649	3649	3649	0	0	G	CU458896		synonymous	-1	output	11		SNP
T	142	T		ACG	142	3		ACA	gnD	426	6-phosphogluconate dehydrogenase Gnd	>		gnD			MAB_0003		MAB_0003		snp_synonymous		0	0	G		3844	3844	3844	0	0	A	CU458896		synonymous	-1	output	11		SNP
A	165	A		GCG	165	3		GCA	gnD	495	6-phosphogluconate dehydrogenase Gnd	>		gnD			MAB_0003		MAB_0003		snp_synonymous		0	0	G		3913	3913	3913	0	0	A	CU458896		synonymous	-1	output	11		SNP
H	169	H		CAC	169	3		CAT	gnD	507	6-phosphogluconate dehydrogenase Gnd	>		gnD			MAB_0003		MAB_0003		snp_synonymous		0	0	C		3925	3925	3925	0	0	T	CU458896		synonymous	-1	output	11		SNP
Y	180	Y		TAC	180	3		TAT	gnD	540	6-phosphogluconate dehydrogenase Gnd	>		gnD			MAB_0003		MAB_0003		snp_synonymous		0	0	C		3958	3958	3958	0	0	T	CU458896		synonymous	-1	output	11		SNP
A	189	A		GCT	189	3		GCC	gnD	567	6-phosphogluconate dehydrogenase Gnd	>		gnD			MAB_0003		MAB_0003		snp_synonymous		0	0	T		3985	3985	3985	0	0	C	CU458896		synonymous	-1	output	11		SNP
D	195	D		GAT	195	3		GAC	gnD	585	6-phosphogluconate dehydrogenase Gnd	>		gnD			MAB_0003		MAB_0003		snp_synonymous		0	0	T		4003	4003	4003	0	0	C	CU458896		synonymous	-1	output	11		SNP
A	202	A		GCA	202	3		GCG	gnD	606	6-phosphogluconate dehydrogenase Gnd	>		gnD			MAB_0003		MAB_0003		snp_synonymous		0	0	A		4024	4024	4024	0	0	G	CU458896		synonymous	-1	output	11		SNP
L	214	L		CTG	214	3		CTA	gnD	642	6-phosphogluconate dehydrogenase Gnd	>		gnD			MAB_0003		MAB_0003		snp_synonymous		0	0	G		4060	4060	4060	0	0	A	CU458896		synonymous	-1	output	11		SNP
P	225	P		CCG	225	3		CCC	gnD	675	6-phosphogluconate dehydrogenase Gnd	>		gnD			MAB_0003		MAB_0003		snp_synonymous		0	0	G		4093	4093	4093	0	0	C	CU458896		synonymous	-1	output	11		SNP
E	246	E		GAG	246	3		GAA	gnD	738	6-phosphogluconate dehydrogenase Gnd	>		gnD			MAB_0003		MAB_0003		snp_synonymous		0	0	G		4156	4156	4156	0	0	A	CU458896		synonymous	-1	output	11		SNP
S	279	S		TCT	279	3		TCG	gnD	837	6-phosphogluconate dehydrogenase Gnd	>		gnD			MAB_0003		MAB_0003		snp_synonymous		0	0	T		4255	4255	4255	0	0	G	CU458896		synonymous	-1	output	11		SNP
F	285	F		TTC	285	3		TTT	gnD	855	6-phosphogluconate dehydrogenase Gnd	>		gnD			MAB_0003		MAB_0003		snp_synonymous		0	0	C		4273	4273	4273	0	0	T	CU458896		synonymous	-1	output	11		SNP
A	16	A		GCA	16	3		GCG	recF	48	DNA replication and repair protein RecF	>		recF			MAB_0004		MAB_0004		snp_synonymous		0	0	A		4322	4322	4322	0	0	G	CU458896		synonymous	-1	output	11		SNP
G	26	G		GGG	26	3		GGA	recF	78	DNA replication and repair protein RecF	>		recF			MAB_0004		MAB_0004		snp_synonymous		0	0	G		4352	4352	4352	0	0	A	CU458896		synonymous	-1	output	11		SNP
D	37	N		GAC	37	1		AAC	recF	109	DNA replication and repair protein RecF	>		recF			MAB_0004		MAB_0004		snp_nonsynonymous		0	0	G		4383	4383	4383	0	0	A	CU458896		nonsynonymous	-1	output	11		SNP
L	62	L		CTG	62	3		CTC	recF	186	DNA replication and repair protein RecF	>		recF			MAB_0004		MAB_0004		snp_synonymous		0	0	G		4460	4460	4460	0	0	C	CU458896		synonymous	-1	output	11		SNP
Y	64	Y		TAC	64	3		TAT	recF	192	DNA replication and repair protein RecF	>		recF			MAB_0004		MAB_0004		snp_synonymous		0	0	C		4466	4466	4466	0	0	T	CU458896		synonymous	-1	output	11		SNP
S	65	S		TCG	65	3		TCA	recF	195	DNA replication and repair protein RecF	>		recF			MAB_0004		MAB_0004		snp_synonymous		0	0	G		4469	4469	4469	0	0	A	CU458896		synonymous	-1	output	11		SNP
T	67	T		ACA	67	3		ACG	recF	201	DNA replication and repair protein RecF	>		recF			MAB_0004		MAB_0004		snp_synonymous		0	0	A		4475	4475	4475	0	0	G	CU458896		synonymous	-1	output	11		SNP
									recF	coding (234-235/1206 nt)	DNA replication and repair protein RecF	>	recF				MAB_0004	MAB_0004			small_indel		0	0	GC		4508	4509	4508	0	0	CT	CU458896	2		-1	output			SUB
T	82	T		ACC	82	3		ACT	recF	246	DNA replication and repair protein RecF	>		recF			MAB_0004		MAB_0004		snp_synonymous		0	0	C		4520	4520	4520	0	0	T	CU458896		synonymous	-1	output	11		SNP
R	86	R		CGT	86	3		CGC	recF	258	DNA replication and repair protein RecF	>		recF			MAB_0004		MAB_0004		snp_synonymous		0	0	T		4532	4532	4532	0	0	C	CU458896		synonymous	-1	output	11		SNP
A	87	A		GCG	87	3		GCC	recF	261	DNA replication and repair protein RecF	>		recF			MAB_0004		MAB_0004		snp_synonymous		0	0	G		4535	4535	4535	0	0	C	CU458896		synonymous	-1	output	11		SNP
I	92	I		ATC	92	3		ATT	recF	276	DNA replication and repair protein RecF	>		recF			MAB_0004		MAB_0004		snp_synonymous		0	0	C		4550	4550	4550	0	0	T	CU458896		synonymous	-1	output	11		SNP
R	115	R		CGG	115	1		AGG	recF	343	DNA replication and repair protein RecF	>		recF			MAB_0004		MAB_0004		snp_synonymous		0	0	C		4617	4617	4617	0	0	A	CU458896		synonymous	-1	output	11		SNP
V	116	V		GTG	116	3		GTC	recF	348	DNA replication and repair protein RecF	>		recF			MAB_0004		MAB_0004		snp_synonymous		0	0	G		4622	4622	4622	0	0	C	CU458896		synonymous	-1	output	11		SNP
S	119	S		TCC	119	3		TCT	recF	357	DNA replication and repair protein RecF	>		recF			MAB_0004		MAB_0004		snp_synonymous		0	0	C		4631	4631	4631	0	0	T	CU458896		synonymous	-1	output	11		SNP
P	124	P		CCG	124	3		CCC	recF	372	DNA replication and repair protein RecF	>		recF			MAB_0004		MAB_0004		snp_synonymous		0	0	G		4646	4646	4646	0	0	C	CU458896		synonymous	-1	output	11		SNP
V	128	L		GTG	128	1		TTG	recF	382	DNA replication and repair protein RecF	>		recF			MAB_0004		MAB_0004		snp_nonsynonymous		0	0	G		4656	4656	4656	0	0	T	CU458896		nonsynonymous	-1	output	11		SNP
H	132	H		CAT	132	3		CAC	recF	396	DNA replication and repair protein RecF	>		recF			MAB_0004		MAB_0004		snp_synonymous		0	0	T		4670	4670	4670	0	0	C	CU458896		synonymous	-1	output	11		SNP
G	146	G		GGG	146	3		GGA	recF	438	DNA replication and repair protein RecF	>		recF			MAB_0004		MAB_0004		snp_synonymous		0	0	G		4712	4712	4712	0	0	A	CU458896		synonymous	-1	output	11		SNP
									recF	coding (444-445/1206 nt)	DNA replication and repair protein RecF	>	recF				MAB_0004	MAB_0004			small_indel		0	0	GT		4718	4719	4718	0	0	CG	CU458896	2		-1	output			SUB
R	151	R		CGC	151	3		CGT	recF	453	DNA replication and repair protein RecF	>		recF			MAB_0004		MAB_0004		snp_synonymous		0	0	C		4727	4727	4727	0	0	T	CU458896		synonymous	-1	output	11		SNP
Q	161	Q		CAG	161	3		CAA	recF	483	DNA replication and repair protein RecF	>		recF			MAB_0004		MAB_0004		snp_synonymous		0	0	G		4757	4757	4757	0	0	A	CU458896		synonymous	-1	output	11		SNP
T	188	M		ACG	188	2		ATG	recF	563	DNA replication and repair protein RecF	>		recF			MAB_0004		MAB_0004		snp_nonsynonymous		0	0	C		4837	4837	4837	0	0	T	CU458896		nonsynonymous	-1	output	11		SNP
L	191	L		TTA	191	3		TTG	recF	573	DNA replication and repair protein RecF	>		recF			MAB_0004		MAB_0004		snp_synonymous		0	0	A		4847	4847	4847	0	0	G	CU458896		synonymous	-1	output	11		SNP
H	197	Q		CAC	197	3		CAA	recF	591	DNA replication and repair protein RecF	>		recF			MAB_0004		MAB_0004		snp_nonsynonymous		0	0	C		4865	4865	4865	0	0	A	CU458896		nonsynonymous	-1	output	11		SNP
A	212	A		GCG	212	3		GCA	recF	636	DNA replication and repair protein RecF	>		recF			MAB_0004		MAB_0004		snp_synonymous		0	0	G		4910	4910	4910	0	0	A	CU458896		synonymous	-1	output	11		SNP
G	214	G		GGA	214	3		GGC	recF	642	DNA replication and repair protein RecF	>		recF			MAB_0004		MAB_0004		snp_synonymous		0	0	A		4916	4916	4916	0	0	C	CU458896		synonymous	-1	output	11		SNP
L	218	L		CTC	218	3		CTT	recF	654	DNA replication and repair protein RecF	>		recF			MAB_0004		MAB_0004		snp_synonymous		0	0	C		4928	4928	4928	0	0	T	CU458896		synonymous	-1	output	11		SNP
R	229	H		CGC	229	2		CAC	recF	686	DNA replication and repair protein RecF	>		recF			MAB_0004		MAB_0004		snp_nonsynonymous		0	0	G		4960	4960	4960	0	0	A	CU458896		nonsynonymous	-1	output	11		SNP
L	238	L		CTT	238	3		CTC	recF	714	DNA replication and repair protein RecF	>		recF			MAB_0004		MAB_0004		snp_synonymous		0	0	T		4988	4988	4988	0	0	C	CU458896		synonymous	-1	output	11		SNP
G	256	G		GGG	256	3		GGC	recF	768	DNA replication and repair protein RecF	>		recF			MAB_0004		MAB_0004		snp_synonymous		0	0	G		5042	5042	5042	0	0	C	CU458896		synonymous	-1	output	11		SNP
V	263	V		GTC	263	3		GTG	recF	789	DNA replication and repair protein RecF	>		recF			MAB_0004		MAB_0004		snp_synonymous		0	0	C		5063	5063	5063	0	0	G	CU458896		synonymous	-1	output	11		SNP
L	266	L		TTG	266	1		CTG	recF	796	DNA replication and repair protein RecF	>		recF			MAB_0004		MAB_0004		snp_synonymous		0	0	T		5070	5070	5070	0	0	C	CU458896		synonymous	-1	output	11		SNP
A	269	A		GCC	269	3		GCG	recF	807	DNA replication and repair protein RecF	>		recF			MAB_0004		MAB_0004		snp_synonymous		0	0	C		5081	5081	5081	0	0	G	CU458896		synonymous	-1	output	11		SNP
R	284	R		CGC	284	3		CGT	recF	852	DNA replication and repair protein RecF	>		recF			MAB_0004		MAB_0004		snp_synonymous		0	0	C		5126	5126	5126	0	0	T	CU458896		synonymous	-1	output	11		SNP
E	313	E		GAG	313	3		GAA	recF	939	DNA replication and repair protein RecF	>		recF			MAB_0004		MAB_0004		snp_synonymous		0	0	G		5213	5213	5213	0	0	A	CU458896		synonymous	-1	output	11		SNP
A	324	A		GCA	324	3		GCG	recF	972	DNA replication and repair protein RecF	>		recF			MAB_0004		MAB_0004		snp_synonymous		0	0	A		5246	5246	5246	0	0	G	CU458896		synonymous	-1	output	11		SNP
A	331	A		GCG	331	3		GCC	recF	993	DNA replication and repair protein RecF	>		recF			MAB_0004		MAB_0004		snp_synonymous		0	0	G		5267	5267	5267	0	0	C	CU458896		synonymous	-1	output	11		SNP
E	363	E		GAA	363	3		GAG	recF	1089	DNA replication and repair protein RecF	>		recF			MAB_0004		MAB_0004		snp_synonymous		0	0	A		5363	5363	5363	0	0	G	CU458896		synonymous	-1	output	11		SNP
P	376	P		CCC	376	3		CCT	recF	1128	DNA replication and repair protein RecF	>		recF			MAB_0004		MAB_0004		snp_synonymous		0	0	C		5402	5402	5402	0	0	T	CU458896		synonymous	-1	output	11		SNP
R	23	R		CGA	23	3		CGG	MAB_0005	69	Conserved hypothetical protein	>		MAB_0005			MAB_0005		MAB_0005		snp_synonymous		0	0	A		5541	5541	5541	0	0	G	CU458896		synonymous	-1	output	11		SNP
R	50	R		CGT	50	3		CGG	MAB_0005	150	Conserved hypothetical protein	>		MAB_0005			MAB_0005		MAB_0005		snp_synonymous		0	0	T		5622	5622	5622	0	0	G	CU458896		synonymous	-1	output	11		SNP
P	64	P		CCA	64	3		CCG	MAB_0005	192	Conserved hypothetical protein	>		MAB_0005			MAB_0005		MAB_0005		snp_synonymous		0	0	A		5664	5664	5664	0	0	G	CU458896		synonymous	-1	output	11		SNP
D	65	D		GAT	65	3		GAC	MAB_0005	195	Conserved hypothetical protein	>		MAB_0005			MAB_0005		MAB_0005		snp_synonymous		0	0	T		5667	5667	5667	0	0	C	CU458896		synonymous	-1	output	11		SNP
G	77	G		GGC	77	3		GGT	MAB_0005	231	Conserved hypothetical protein	>		MAB_0005			MAB_0005		MAB_0005		snp_synonymous		0	0	C		5703	5703	5703	0	0	T	CU458896		synonymous	-1	output	11		SNP
S	86	S		TCG	86	3		TCT	MAB_0005	258	Conserved hypothetical protein	>		MAB_0005			MAB_0005		MAB_0005		snp_synonymous		0	0	G		5730	5730	5730	0	0	T	CU458896		synonymous	-1	output	11		SNP
V	89	V		GTT	89	3		GTC	MAB_0005	267	Conserved hypothetical protein	>		MAB_0005			MAB_0005		MAB_0005		snp_synonymous		0	0	T		5739	5739	5739	0	0	C	CU458896		synonymous	-1	output	11		SNP
V	101	V		GTG	101	3		GTC	MAB_0005	303	Conserved hypothetical protein	>		MAB_0005			MAB_0005		MAB_0005		snp_synonymous		0	0	G		5775	5775	5775	0	0	C	CU458896		synonymous	-1	output	11		SNP
G	118	G		GGT	118	3		GGG	MAB_0005	354	Conserved hypothetical protein	>		MAB_0005			MAB_0005		MAB_0005		snp_synonymous		0	0	T		5826	5826	5826	0	0	G	CU458896		synonymous	-1	output	11		SNP
S	126	S		TCT	126	3		TCC	MAB_0005	378	Conserved hypothetical protein	>		MAB_0005			MAB_0005		MAB_0005		snp_synonymous		0	0	T		5850	5850	5850	0	0	C	CU458896		synonymous	-1	output	11		SNP
V	148	I		GTC	148	1		ATC	MAB_0005	442	Conserved hypothetical protein	>		MAB_0005			MAB_0005		MAB_0005		snp_nonsynonymous		0	0	G		5914	5914	5914	0	0	A	CU458896		nonsynonymous	-1	output	11		SNP
S	165	S		TCG	165	3		TCA	MAB_0005	495	Conserved hypothetical protein	>		MAB_0005			MAB_0005		MAB_0005		snp_synonymous		0	0	G		5967	5967	5967	0	0	A	CU458896		synonymous	-1	output	11		SNP
P	170	P		CCG	170	3		CCA	MAB_0005	510	Conserved hypothetical protein	>		MAB_0005			MAB_0005		MAB_0005		snp_synonymous		0	0	G		5982	5982	5982	0	0	A	CU458896		synonymous	-1	output	11		SNP
R	179	R		AGG	179	1		CGG	MAB_0005	535	Conserved hypothetical protein	>		MAB_0005			MAB_0005		MAB_0005		snp_synonymous		0	0	A		6007	6007	6007	0	0	C	CU458896		synonymous	-1	output	11		SNP
G	183	G		GGC	183	3		GGT	MAB_0005	549	Conserved hypothetical protein	>		MAB_0005			MAB_0005		MAB_0005		snp_synonymous		0	0	C		6021	6021	6021	0	0	T	CU458896		synonymous	-1	output	11		SNP
									MAB_0005/MAB_0006	intergenic (+23/-202)	Conserved hypothetical protein/DNA gyrase (subunit B) GyrB (DNA topoisomerase)	>/>			MAB_0006		MAB_0005/MAB_0006			MAB_0006	snp_intergenic		0	0	G		6047	6047	6047	0	0	A	CU458896		intergenic	-1	output			SNP
									MAB_0005/MAB_0006	intergenic (+147/-78)	Conserved hypothetical protein/DNA gyrase (subunit B) GyrB (DNA topoisomerase)	>/>			MAB_0006		MAB_0005/MAB_0006			MAB_0006	snp_intergenic		0	0	G		6171	6171	6171	0	0	A	CU458896		intergenic	-1	output			SNP
									MAB_0005/MAB_0006	intergenic (+168/-57)	Conserved hypothetical protein/DNA gyrase (subunit B) GyrB (DNA topoisomerase)	>/>			MAB_0006		MAB_0005/MAB_0006			MAB_0006	small_indel		0	0			6192	6192	6192	0	0	C	CU458896	1		-1	output			DEL
A	14	A		GCC	14	3		GCT	MAB_0006	42	DNA gyrase (subunit B) GyrB (DNA topoisomerase)	>		MAB_0006			MAB_0006		MAB_0006		snp_synonymous		0	0	C		6290	6290	6290	0	0	T	CU458896		synonymous	-1	output	11		SNP
A	25	A		GCC	25	3		GCT	MAB_0006	75	DNA gyrase (subunit B) GyrB (DNA topoisomerase)	>		MAB_0006			MAB_0006		MAB_0006		snp_synonymous		0	0	C		6323	6323	6323	0	0	T	CU458896		synonymous	-1	output	11		SNP
P	30	P		CCG	30	3		CCC	MAB_0006	90	DNA gyrase (subunit B) GyrB (DNA topoisomerase)	>		MAB_0006			MAB_0006		MAB_0006		snp_synonymous		0	0	G		6338	6338	6338	0	0	C	CU458896		synonymous	-1	output	11		SNP
H	44	H		CAC	44	3		CAT	MAB_0006	132	DNA gyrase (subunit B) GyrB (DNA topoisomerase)	>		MAB_0006			MAB_0006		MAB_0006		snp_synonymous		0	0	C		6380	6380	6380	0	0	T	CU458896		synonymous	-1	output	11		SNP
E	145	E		GAA	145	3		GAG	MAB_0006	435	DNA gyrase (subunit B) GyrB (DNA topoisomerase)	>		MAB_0006			MAB_0006		MAB_0006		snp_synonymous		0	0	A		6683	6683	6683	0	0	G	CU458896		synonymous	-1	output	11		SNP
V	171	V		GTC	171	3		GTA	MAB_0006	513	DNA gyrase (subunit B) GyrB (DNA topoisomerase)	>		MAB_0006			MAB_0006		MAB_0006		snp_synonymous		0	0	C		6761	6761	6761	0	0	A	CU458896		synonymous	-1	output	11		SNP
K	202	K		AAA	202	3		AAG	MAB_0006	606	DNA gyrase (subunit B) GyrB (DNA topoisomerase)	>		MAB_0006			MAB_0006		MAB_0006		snp_synonymous		0	0	A		6854	6854	6854	0	0	G	CU458896		synonymous	-1	output	11		SNP
S	224	S		AGT	224	3		AGC	MAB_0006	672	DNA gyrase (subunit B) GyrB (DNA topoisomerase)	>		MAB_0006			MAB_0006		MAB_0006		snp_synonymous		0	0	T		6920	6920	6920	0	0	C	CU458896		synonymous	-1	output	11		SNP
G	256	G		GGG	256	3		GGT	MAB_0006	768	DNA gyrase (subunit B) GyrB (DNA topoisomerase)	>		MAB_0006			MAB_0006		MAB_0006		snp_synonymous		0	0	G		7016	7016	7016	0	0	T	CU458896		synonymous	-1	output	11		SNP
K	330	K		AAG	330	3		AAA	MAB_0006	990	DNA gyrase (subunit B) GyrB (DNA topoisomerase)	>		MAB_0006			MAB_0006		MAB_0006		snp_synonymous		0	0	G		7238	7238	7238	0	0	A	CU458896		synonymous	-1	output	11		SNP
K	335	K		AAA	335	3		AAG	MAB_0006	1005	DNA gyrase (subunit B) GyrB (DNA topoisomerase)	>		MAB_0006			MAB_0006		MAB_0006		snp_synonymous		0	0	A		7253	7253	7253	0	0	G	CU458896		synonymous	-1	output	11		SNP
S	343	S		TCC	343	3		TCG	MAB_0006	1029	DNA gyrase (subunit B) GyrB (DNA topoisomerase)	>		MAB_0006			MAB_0006		MAB_0006		snp_synonymous		0	0	C		7277	7277	7277	0	0	G	CU458896		synonymous	-1	output	11		SNP
G	347	G		GGG	347	3		GGC	MAB_0006	1041	DNA gyrase (subunit B) GyrB (DNA topoisomerase)	>		MAB_0006			MAB_0006		MAB_0006		snp_synonymous		0	0	G		7289	7289	7289	0	0	C	CU458896		synonymous	-1	output	11		SNP
R	351	R		CGT	351	3		CGC	MAB_0006	1053	DNA gyrase (subunit B) GyrB (DNA topoisomerase)	>		MAB_0006			MAB_0006		MAB_0006		snp_synonymous		0	0	T		7301	7301	7301	0	0	C	CU458896		synonymous	-1	output	11		SNP
L	375	L		CTT	375	3		CTC	MAB_0006	1125	DNA gyrase (subunit B) GyrB (DNA topoisomerase)	>		MAB_0006			MAB_0006		MAB_0006		snp_synonymous		0	0	T		7373	7373	7373	0	0	C	CU458896		synonymous	-1	output	11		SNP
S	382	S		TCG	382	3		TCC	MAB_0006	1146	DNA gyrase (subunit B) GyrB (DNA topoisomerase)	>		MAB_0006			MAB_0006		MAB_0006		snp_synonymous		0	0	G		7394	7394	7394	0	0	C	CU458896		synonymous	-1	output	11		SNP
A	420	A		GCA	420	3		GCG	MAB_0006	1260	DNA gyrase (subunit B) GyrB (DNA topoisomerase)	>		MAB_0006			MAB_0006		MAB_0006		snp_synonymous		0	0	A		7508	7508	7508	0	0	G	CU458896		synonymous	-1	output	11		SNP
R	421	R		CGC	421	3		CGT	MAB_0006	1263	DNA gyrase (subunit B) GyrB (DNA topoisomerase)	>		MAB_0006			MAB_0006		MAB_0006		snp_synonymous		0	0	C		7511	7511	7511	0	0	T	CU458896		synonymous	-1	output	11		SNP
S	431	S		AGC	431	3		AGT	MAB_0006	1293	DNA gyrase (subunit B) GyrB (DNA topoisomerase)	>		MAB_0006			MAB_0006		MAB_0006		snp_synonymous		0	0	C		7541	7541	7541	0	0	T	CU458896		synonymous	-1	output	11		SNP
K	452	K		AAG	452	3		AAA	MAB_0006	1356	DNA gyrase (subunit B) GyrB (DNA topoisomerase)	>		MAB_0006			MAB_0006		MAB_0006		snp_synonymous		0	0	G		7604	7604	7604	0	0	A	CU458896		synonymous	-1	output	11		SNP
G	460	G		GGC	460	3		GGT	MAB_0006	1380	DNA gyrase (subunit B) GyrB (DNA topoisomerase)	>		MAB_0006			MAB_0006		MAB_0006		snp_synonymous		0	0	C		7628	7628	7628	0	0	T	CU458896		synonymous	-1	output	11		SNP
G	470	G		GGC	470	3		GGT	MAB_0006	1410	DNA gyrase (subunit B) GyrB (DNA topoisomerase)	>		MAB_0006			MAB_0006		MAB_0006		snp_synonymous		0	0	C		7658	7658	7658	0	0	T	CU458896		synonymous	-1	output	11		SNP
F	475	F		TTT	475	3		TTC	MAB_0006	1425	DNA gyrase (subunit B) GyrB (DNA topoisomerase)	>		MAB_0006			MAB_0006		MAB_0006		snp_synonymous		0	0	T		7673	7673	7673	0	0	C	CU458896		synonymous	-1	output	11		SNP
T	500	T		ACT	500	3		ACC	MAB_0006	1500	DNA gyrase (subunit B) GyrB (DNA topoisomerase)	>		MAB_0006			MAB_0006		MAB_0006		snp_synonymous		0	0	T		7748	7748	7748	0	0	C	CU458896		synonymous	-1	output	11		SNP
T	511	T		ACC	511	3		ACG	MAB_0006	1533	DNA gyrase (subunit B) GyrB (DNA topoisomerase)	>		MAB_0006			MAB_0006		MAB_0006		snp_synonymous		0	0	C		7781	7781	7781	0	0	G	CU458896		synonymous	-1	output	11		SNP
A	533	A		GCT	533	3		GCC	MAB_0006	1599	DNA gyrase (subunit B) GyrB (DNA topoisomerase)	>		MAB_0006			MAB_0006		MAB_0006		snp_synonymous		0	0	T		7847	7847	7847	0	0	C	CU458896		synonymous	-1	output	11		SNP
R	553	R		CGC	553	3		CGT	MAB_0006	1659	DNA gyrase (subunit B) GyrB (DNA topoisomerase)	>		MAB_0006			MAB_0006		MAB_0006		snp_synonymous		0	0	C		7907	7907	7907	0	0	T	CU458896		synonymous	-1	output	11		SNP
L	568	L		CTG	568	1		TTG	MAB_0006	1702	DNA gyrase (subunit B) GyrB (DNA topoisomerase)	>		MAB_0006			MAB_0006		MAB_0006		snp_synonymous		0	0	C		7950	7950	7950	0	0	T	CU458896		synonymous	-1	output	11		SNP
S	576	T		AGC	576	2		ACC	MAB_0006	1727	DNA gyrase (subunit B) GyrB (DNA topoisomerase)	>		MAB_0006			MAB_0006		MAB_0006		snp_nonsynonymous		0	0	G		7975	7975	7975	0	0	C	CU458896		nonsynonymous	-1	output	11		SNP
L	595	L		CTA	595	3		CTC	MAB_0006	1785	DNA gyrase (subunit B) GyrB (DNA topoisomerase)	>		MAB_0006			MAB_0006		MAB_0006		snp_synonymous		0	0	A		8033	8033	8033	0	0	C	CU458896		synonymous	-1	output	11		SNP
L	613	L		CTA	613	3		CTG	MAB_0006	1839	DNA gyrase (subunit B) GyrB (DNA topoisomerase)	>		MAB_0006			MAB_0006		MAB_0006		snp_synonymous		0	0	A		8087	8087	8087	0	0	G	CU458896		synonymous	-1	output	11		SNP
									MAB_0006/MAB_0007	intergenic (+60/-73)	DNA gyrase (subunit B) GyrB (DNA topoisomerase)/Hypothetical protein	>/>			MAB_0007		MAB_0006/MAB_0007			MAB_0007	snp_intergenic		0	0	C		8336	8336	8336	0	0	T	CU458896		intergenic	-1	output			SNP
A	168	A		GCT	168	3		GCG	MAB_0009	504	Hypothetical protein	>		MAB_0009			MAB_0009		MAB_0009		snp_synonymous		0	0	T		10352	10352	10352	0	0	G	CU458896		synonymous	-1	output	11		SNP
P	171	P		CCA	171	3		CCT	MAB_0009	513	Hypothetical protein	>		MAB_0009			MAB_0009		MAB_0009		snp_synonymous		0	0	A		10361	10361	10361	0	0	T	CU458896		synonymous	-1	output	11		SNP
A	172	A		GCA	172	3		GCT	MAB_0009	516	Hypothetical protein	>		MAB_0009			MAB_0009		MAB_0009		snp_synonymous		0	0	A		10364	10364	10364	0	0	T	CU458896		synonymous	-1	output	11		SNP
G	173	G		GGG	173	3		GGC	MAB_0009	519	Hypothetical protein	>		MAB_0009			MAB_0009		MAB_0009		snp_synonymous		0	0	G		10367	10367	10367	0	0	C	CU458896		synonymous	-1	output	11		SNP
A	183	V		GCG	183	2		GTG	MAB_0009	548	Hypothetical protein	>		MAB_0009			MAB_0009		MAB_0009		snp_nonsynonymous		0	0	C		10396	10396	10396	0	0	T	CU458896		nonsynonymous	-1	output	11		SNP
A	185	A		GCC	185	3		GCG	MAB_0009	555	Hypothetical protein	>		MAB_0009			MAB_0009		MAB_0009		snp_synonymous		0	0	C		10403	10403	10403	0	0	G	CU458896		synonymous	-1	output	11		SNP
A	194	T		GCC	194	1		ACC	MAB_0009	580	Hypothetical protein	>		MAB_0009			MAB_0009		MAB_0009		snp_nonsynonymous		0	0	G		10428	10428	10428	0	0	A	CU458896		nonsynonymous	-1	output	11		SNP
									MAB_0009/MAB_0010c	intergenic (+7/+42)	Hypothetical protein/Hypothetical protein	>/<			MAB_0010c		MAB_0009/MAB_0010c			MAB_0010c	snp_intergenic		0	0	C		10443	10443	10443	0	0	A	CU458896		intergenic	-1	output			SNP
									MAB_0009/MAB_0010c	intergenic (+16/+33)	Hypothetical protein/Hypothetical protein	>/<			MAB_0010c		MAB_0009/MAB_0010c			MAB_0010c	snp_intergenic		0	0	T		10452	10452	10452	0	0	G	CU458896		intergenic	-1	output			SNP
									MAB_0009/MAB_0010c	intergenic (+18/+31)	Hypothetical protein/Hypothetical protein	>/<			MAB_0010c		MAB_0009/MAB_0010c			MAB_0010c	snp_intergenic		0	0	T		10454	10454	10454	0	0	G	CU458896		intergenic	-1	output			SNP
									MAB_0009/MAB_0010c	intergenic (+24/+25)	Hypothetical protein/Hypothetical protein	>/<			MAB_0010c		MAB_0009/MAB_0010c			MAB_0010c	snp_intergenic		0	0	T		10460	10460	10460	0	0	G	CU458896		intergenic	-1	output			SNP
									MAB_0009/MAB_0010c	intergenic (+32/+17)	Hypothetical protein/Hypothetical protein	>/<			MAB_0010c		MAB_0009/MAB_0010c			MAB_0010c	snp_intergenic		0	0	T		10468	10468	10468	0	0	C	CU458896		intergenic	-1	output			SNP
									MAB_0009/MAB_0010c	intergenic (+41/+8)	Hypothetical protein/Hypothetical protein	>/<			MAB_0010c		MAB_0009/MAB_0010c			MAB_0010c	snp_intergenic		0	0	G		10477	10477	10477	0	0	T	CU458896		intergenic	-1	output			SNP
									MAB_0009/MAB_0010c	intergenic (+45/+4)	Hypothetical protein/Hypothetical protein	>/<			MAB_0010c		MAB_0009/MAB_0010c			MAB_0010c	snp_intergenic		0	0	T		10481	10481	10481	0	0	C	CU458896		intergenic	-1	output			SNP
									MAB_0009/MAB_0010c	intergenic (+48/+1)	Hypothetical protein/Hypothetical protein	>/<			MAB_0010c		MAB_0009/MAB_0010c			MAB_0010c	snp_intergenic		0	0	T		10484	10484	10484	0	0	C	CU458896		intergenic	-1	output			SNP
R	392	R		CGA	392	3		CGG	MAB_0010c	1176	Hypothetical protein	<		MAB_0010c			MAB_0010c		MAB_0010c		snp_synonymous		0	0	T		10524	10524	10524	0	0	C	CU458896		synonymous	-1	output	11		SNP
K	391	K		AAA	391	3		AAG	MAB_0010c	1173	Hypothetical protein	<		MAB_0010c			MAB_0010c		MAB_0010c		snp_synonymous		0	0	T		10527	10527	10527	0	0	C	CU458896		synonymous	-1	output	11		SNP
G	374	G		GGC	374	3		GGT	MAB_0010c	1122	Hypothetical protein	<		MAB_0010c			MAB_0010c		MAB_0010c		snp_synonymous		0	0	G		10578	10578	10578	0	0	A	CU458896		synonymous	-1	output	11		SNP
P	366	P		CCG	366	3		CCC	MAB_0010c	1098	Hypothetical protein	<		MAB_0010c			MAB_0010c		MAB_0010c		snp_synonymous		0	0	C		10602	10602	10602	0	0	G	CU458896		synonymous	-1	output	11		SNP
D	356	D		GAC	356	3		GAT	MAB_0010c	1068	Hypothetical protein	<		MAB_0010c			MAB_0010c		MAB_0010c		snp_synonymous		0	0	G		10632	10632	10632	0	0	A	CU458896		synonymous	-1	output	11		SNP
I	351	I		ATT	351	3		ATC	MAB_0010c	1053	Hypothetical protein	<		MAB_0010c			MAB_0010c		MAB_0010c		snp_synonymous		0	0	A		10647	10647	10647	0	0	G	CU458896		synonymous	-1	output	11		SNP
G	335	G		GGT	335	3		GGC	MAB_0010c	1005	Hypothetical protein	<		MAB_0010c			MAB_0010c		MAB_0010c		snp_synonymous		0	0	A		10695	10695	10695	0	0	G	CU458896		synonymous	-1	output	11		SNP
G	320	G		GGA	320	3		GGC	MAB_0010c	960	Hypothetical protein	<		MAB_0010c			MAB_0010c		MAB_0010c		snp_synonymous		0	0	T		10740	10740	10740	0	0	G	CU458896		synonymous	-1	output	11		SNP
P	309	P		CCA	309	3		CCC	MAB_0010c	927	Hypothetical protein	<		MAB_0010c			MAB_0010c		MAB_0010c		snp_synonymous		0	0	T		10773	10773	10773	0	0	G	CU458896		synonymous	-1	output	11		SNP
G	286	G		GGA	286	3		GGC	MAB_0010c	858	Hypothetical protein	<		MAB_0010c			MAB_0010c		MAB_0010c		snp_synonymous		0	0	T		10842	10842	10842	0	0	G	CU458896		synonymous	-1	output	11		SNP
G	268	G		GGT	268	3		GGC	MAB_0010c	804	Hypothetical protein	<		MAB_0010c			MAB_0010c		MAB_0010c		snp_synonymous		0	0	A		10896	10896	10896	0	0	G	CU458896		synonymous	-1	output	11		SNP
P	260	P		CCA	260	3		CCG	MAB_0010c	780	Hypothetical protein	<		MAB_0010c			MAB_0010c		MAB_0010c		snp_synonymous		0	0	T		10920	10920	10920	0	0	C	CU458896		synonymous	-1	output	11		SNP
G	258	G		GGT	258	3		GGC	MAB_0010c	774	Hypothetical protein	<		MAB_0010c			MAB_0010c		MAB_0010c		snp_synonymous		0	0	A		10926	10926	10926	0	0	G	CU458896		synonymous	-1	output	11		SNP
S	250	S		TCT	250	3		TCC	MAB_0010c	750	Hypothetical protein	<		MAB_0010c			MAB_0010c		MAB_0010c		snp_synonymous		0	0	A		10950	10950	10950	0	0	G	CU458896		synonymous	-1	output	11		SNP
A	248	S		GCC	248	1		TCC	MAB_0010c	742	Hypothetical protein	<		MAB_0010c			MAB_0010c		MAB_0010c		snp_nonsynonymous		0	0	C		10958	10958	10958	0	0	A	CU458896		nonsynonymous	-1	output	11		SNP
F	246	F		TTC	246	3		TTT	MAB_0010c	738	Hypothetical protein	<		MAB_0010c			MAB_0010c		MAB_0010c		snp_synonymous		0	0	G		10962	10962	10962	0	0	A	CU458896		synonymous	-1	output	11		SNP
P	245	P		CCA	245	3		CCG	MAB_0010c	735	Hypothetical protein	<		MAB_0010c			MAB_0010c		MAB_0010c		snp_synonymous		0	0	T		10965	10965	10965	0	0	C	CU458896		synonymous	-1	output	11		SNP
N	243	S		AAT	243	2		AGT	MAB_0010c	728	Hypothetical protein	<		MAB_0010c			MAB_0010c		MAB_0010c		snp_nonsynonymous		0	0	T		10972	10972	10972	0	0	C	CU458896		nonsynonymous	-1	output	11		SNP
A	240	A		GCG	240	3		GCA	MAB_0010c	720	Hypothetical protein	<		MAB_0010c			MAB_0010c		MAB_0010c		snp_synonymous		0	0	C		10980	10980	10980	0	0	T	CU458896		synonymous	-1	output	11		SNP
G	230	G		GGA	230	3		GGC	MAB_0010c	690	Hypothetical protein	<		MAB_0010c			MAB_0010c		MAB_0010c		snp_synonymous		0	0	T		11010	11010	11010	0	0	G	CU458896		synonymous	-1	output	11		SNP
S	222	S		TCT	222	3		TCC	MAB_0010c	666	Hypothetical protein	<		MAB_0010c			MAB_0010c		MAB_0010c		snp_synonymous		0	0	A		11034	11034	11034	0	0	G	CU458896		synonymous	-1	output	11		SNP
A	220	A		GCC	220	3		GCT	MAB_0010c	660	Hypothetical protein	<		MAB_0010c			MAB_0010c		MAB_0010c		snp_synonymous		0	0	G		11040	11040	11040	0	0	A	CU458896		synonymous	-1	output	11		SNP
Q	213	Q		CAG	213	3		CAA	MAB_0010c	639	Hypothetical protein	<		MAB_0010c			MAB_0010c		MAB_0010c		snp_synonymous		0	0	C		11061	11061	11061	0	0	T	CU458896		synonymous	-1	output	11		SNP
L	47	L		CTT	47	3		CTG	MAB_0012c	141	Hypothetical protein	<		MAB_0012c			MAB_0012c		MAB_0012c		snp_synonymous		0	0	A		12583	12583	12583	0	0	C	CU458896		synonymous	-1	output	11		SNP
P	45	P		CCT	45	3		CCG	MAB_0012c	135	Hypothetical protein	<		MAB_0012c			MAB_0012c		MAB_0012c		snp_synonymous		0	0	A		12589	12589	12589	0	0	C	CU458896		synonymous	-1	output	11		SNP
A	40	A		GCG	40	3		GCC	MAB_0012c	120	Hypothetical protein	<		MAB_0012c			MAB_0012c		MAB_0012c		snp_synonymous		0	0	C		12604	12604	12604	0	0	G	CU458896		synonymous	-1	output	11		SNP
									MAB_0012c/MAB_0013c	intergenic (-16/+341)	Hypothetical protein/Probable arylamine n-acetyl transferase	</<			MAB_0012c		MAB_0012c/MAB_0013c			MAB_0012c	small_indel		0	0	AA		12739	12739	12739	0	0	C	CU458896	1		-1	output			SUB
									MAB_0012c/MAB_0013c	intergenic (-49/+308)	Hypothetical protein/Probable arylamine n-acetyl transferase	</<			MAB_0012c		MAB_0012c/MAB_0013c			MAB_0012c	snp_intergenic		0	0	A		12772	12772	12772	0	0	G	CU458896		intergenic	-1	output			SNP
									MAB_0012c/MAB_0013c	intergenic (-63/+294)	Hypothetical protein/Probable arylamine n-acetyl transferase	</<			MAB_0012c		MAB_0012c/MAB_0013c			MAB_0012c	snp_intergenic		0	0	C		12786	12786	12786	0	0	A	CU458896		intergenic	-1	output			SNP
									MAB_0012c/MAB_0013c	intergenic (-100/+257)	Hypothetical protein/Probable arylamine n-acetyl transferase	</<			MAB_0012c		MAB_0012c/MAB_0013c			MAB_0012c	snp_intergenic		0	0	T		12823	12823	12823	0	0	C	CU458896		intergenic	-1	output			SNP
									MAB_0012c/MAB_0013c	intergenic (-118/+239)	Hypothetical protein/Probable arylamine n-acetyl transferase	</<			MAB_0012c		MAB_0012c/MAB_0013c			MAB_0012c	snp_intergenic		0	0	T		12841	12841	12841	0	0	C	CU458896		intergenic	-1	output			SNP
									MAB_0012c/MAB_0013c	intergenic (-140/+217)	Hypothetical protein/Probable arylamine n-acetyl transferase	</<			MAB_0012c		MAB_0012c/MAB_0013c			MAB_0012c	small_indel		0	0			12863	12863	12863	0	0	G	CU458896	1		-1	output			DEL
									MAB_0012c/MAB_0013c	intergenic (-156/+201)	Hypothetical protein/Probable arylamine n-acetyl transferase	</<					MAB_0012c/MAB_0013c				snp_intergenic		0	0	G		12879	12879	12879	0	0	A	CU458896		intergenic	-1	output			SNP
									MAB_0012c/MAB_0013c	intergenic (-166/+191)	Hypothetical protein/Probable arylamine n-acetyl transferase	</<					MAB_0012c/MAB_0013c				snp_intergenic		0	0	T		12889	12889	12889	0	0	C	CU458896		intergenic	-1	output			SNP
									MAB_0012c/MAB_0013c	intergenic (-178/+179)	Hypothetical protein/Probable arylamine n-acetyl transferase	</<					MAB_0012c/MAB_0013c				snp_intergenic		0	0	A		12901	12901	12901	0	0	G	CU458896		intergenic	-1	output			SNP
									MAB_0012c/MAB_0013c	intergenic (-181/+176)	Hypothetical protein/Probable arylamine n-acetyl transferase	</<					MAB_0012c/MAB_0013c				snp_intergenic		0	0	G		12904	12904	12904	0	0	C	CU458896		intergenic	-1	output			SNP
									MAB_0012c/MAB_0013c	intergenic (-183/+174)	Hypothetical protein/Probable arylamine n-acetyl transferase	</<					MAB_0012c/MAB_0013c				snp_intergenic		0	0	T		12906	12906	12906	0	0	C	CU458896		intergenic	-1	output			SNP
									MAB_0012c/MAB_0013c	intergenic (-185/+172)	Hypothetical protein/Probable arylamine n-acetyl transferase	</<					MAB_0012c/MAB_0013c				snp_intergenic		0	0	T		12908	12908	12908	0	0	G	CU458896		intergenic	-1	output			SNP
									MAB_0012c/MAB_0013c	intergenic (-189/+168)	Hypothetical protein/Probable arylamine n-acetyl transferase	</<					MAB_0012c/MAB_0013c				snp_intergenic		0	0	G		12912	12912	12912	0	0	A	CU458896		intergenic	-1	output			SNP
									MAB_0012c/MAB_0013c	intergenic (-205/+152)	Hypothetical protein/Probable arylamine n-acetyl transferase	</<				1	MAB_0012c/MAB_0013c				small_indel		0	0	CTCGTC		12928	12928	12928	0	0	C	CU458896			-1	output			INS
									MAB_0012c/MAB_0013c	intergenic (-211/+145)	Hypothetical protein/Probable arylamine n-acetyl transferase	</<					MAB_0012c/MAB_0013c				small_indel		0	0	CC		12934	12935	12934	0	0	TG	CU458896	2		-1	output			SUB
									MAB_0012c/MAB_0013c	intergenic (-214/+143)	Hypothetical protein/Probable arylamine n-acetyl transferase	</<					MAB_0012c/MAB_0013c				snp_intergenic		0	0	T		12937	12937	12937	0	0	A	CU458896		intergenic	-1	output			SNP
									MAB_0012c/MAB_0013c	intergenic (-217/+140)	Hypothetical protein/Probable arylamine n-acetyl transferase	</<					MAB_0012c/MAB_0013c				snp_intergenic		0	0	T		12940	12940	12940	0	0	G	CU458896		intergenic	-1	output			SNP
									MAB_0012c/MAB_0013c	intergenic (-222/+135)	Hypothetical protein/Probable arylamine n-acetyl transferase	</<					MAB_0012c/MAB_0013c				snp_intergenic		0	0	C		12945	12945	12945	0	0	T	CU458896		intergenic	-1	output			SNP
K	273	E		AAG	273	1		GAG	MAB_0013c	817	Probable arylamine n-acetyl transferase	<		MAB_0013c			MAB_0013c		MAB_0013c		snp_nonsynonymous		0	0	T		13100	13100	13100	0	0	C	CU458896		nonsynonymous	-1	output	11		SNP
T	269	T		ACC	269	3		ACT	MAB_0013c	807	Probable arylamine n-acetyl transferase	<		MAB_0013c			MAB_0013c		MAB_0013c		snp_synonymous		0	0	G		13110	13110	13110	0	0	A	CU458896		synonymous	-1	output	11		SNP
T	254	T		ACA	254	3		ACG	MAB_0013c	762	Probable arylamine n-acetyl transferase	<		MAB_0013c			MAB_0013c		MAB_0013c		snp_synonymous		0	0	T		13155	13155	13155	0	0	C	CU458896		synonymous	-1	output	11		SNP
D	228	D		GAT	228	3		GAC	MAB_0013c	684	Probable arylamine n-acetyl transferase	<		MAB_0013c			MAB_0013c		MAB_0013c		snp_synonymous		0	0	A		13233	13233	13233	0	0	G	CU458896		synonymous	-1	output	11		SNP
R	213	R		AGG	213	3		AGA	MAB_0013c	639	Probable arylamine n-acetyl transferase	<		MAB_0013c			MAB_0013c		MAB_0013c		snp_synonymous		0	0	C		13278	13278	13278	0	0	T	CU458896		synonymous	-1	output	11		SNP
S	208	S		TCC	208	3		TCA	MAB_0013c	624	Probable arylamine n-acetyl transferase	<		MAB_0013c			MAB_0013c		MAB_0013c		snp_synonymous		0	0	G		13293	13293	13293	0	0	T	CU458896		synonymous	-1	output	11		SNP
V	186	V		GTG	186	3		GTA	MAB_0013c	558	Probable arylamine n-acetyl transferase	<		MAB_0013c			MAB_0013c		MAB_0013c		snp_synonymous		0	0	C		13359	13359	13359	0	0	T	CU458896		synonymous	-1	output	11		SNP
F	185	F		TTC	185	3		TTT	MAB_0013c	555	Probable arylamine n-acetyl transferase	<		MAB_0013c			MAB_0013c		MAB_0013c		snp_synonymous		0	0	G		13362	13362	13362	0	0	A	CU458896		synonymous	-1	output	11		SNP
A	171	A		GCG	171	3		GCA	MAB_0013c	513	Probable arylamine n-acetyl transferase	<		MAB_0013c			MAB_0013c		MAB_0013c		snp_synonymous		0	0	C		13404	13404	13404	0	0	T	CU458896		synonymous	-1	output	11		SNP
F	167	L		TTC	167	1		CTC	MAB_0013c	499	Probable arylamine n-acetyl transferase	<		MAB_0013c			MAB_0013c		MAB_0013c		snp_nonsynonymous		0	0	A		13418	13418	13418	0	0	G	CU458896		nonsynonymous	-1	output	11		SNP
Q	152	R		CAA	152	2		CGA	MAB_0013c	455	Probable arylamine n-acetyl transferase	<		MAB_0013c			MAB_0013c		MAB_0013c		snp_nonsynonymous		0	0	T		13462	13462	13462	0	0	C	CU458896		nonsynonymous	-1	output	11		SNP
A	145	A		GCT	145	3		GCC	MAB_0013c	435	Probable arylamine n-acetyl transferase	<		MAB_0013c			MAB_0013c		MAB_0013c		snp_synonymous		0	0	A		13482	13482	13482	0	0	G	CU458896		synonymous	-1	output	11		SNP
E	141	E		GAG	141	3		GAA	MAB_0013c	423	Probable arylamine n-acetyl transferase	<		MAB_0013c			MAB_0013c		MAB_0013c		snp_synonymous		0	0	C		13494	13494	13494	0	0	T	CU458896		synonymous	-1	output	11		SNP
P	107	P		CCC	107	3		CCT	MAB_0013c	321	Probable arylamine n-acetyl transferase	<		MAB_0013c			MAB_0013c		MAB_0013c		snp_synonymous		0	0	G		13596	13596	13596	0	0	A	CU458896		synonymous	-1	output	11		SNP
F	92	Y		TTC	92	2		TAC	MAB_0013c	275	Probable arylamine n-acetyl transferase	<		MAB_0013c			MAB_0013c		MAB_0013c		snp_nonsynonymous		0	0	A		13642	13642	13642	0	0	T	CU458896		nonsynonymous	-1	output	11		SNP
N	52	H		AAT	52	1		CAT	MAB_0013c	154	Probable arylamine n-acetyl transferase	<		MAB_0013c			MAB_0013c		MAB_0013c		snp_nonsynonymous		0	0	T		13763	13763	13763	0	0	G	CU458896		nonsynonymous	-1	output	11		SNP
N	44	N		AAT	44	3		AAC	MAB_0013c	132	Probable arylamine n-acetyl transferase	<		MAB_0013c			MAB_0013c		MAB_0013c		snp_synonymous		0	0	A		13785	13785	13785	0	0	G	CU458896		synonymous	-1	output	11		SNP
D	10	D		GAC	10	3		GAT	MAB_0013c	30	Probable arylamine n-acetyl transferase	<		MAB_0013c			MAB_0013c		MAB_0013c		snp_synonymous		0	0	G		13887	13887	13887	0	0	A	CU458896		synonymous	-1	output	11		SNP
									MAB_0013c/MAB_0014	intergenic (-24/-120)	Probable arylamine n-acetyl transferase/Hypothetical protein	</>			MAB_0013c		MAB_0013c/MAB_0014			MAB_0013c	snp_intergenic		0	0	C		13940	13940	13940	0	0	T	CU458896		intergenic	-1	output			SNP
									MAB_0013c/MAB_0014	intergenic (-43/-101)	Probable arylamine n-acetyl transferase/Hypothetical protein	</>			MAB_0013c		MAB_0013c/MAB_0014			MAB_0013c	snp_intergenic		0	0	A		13959	13959	13959	0	0	G	CU458896		intergenic	-1	output			SNP
									MAB_0013c/MAB_0014	intergenic (-50/-94)	Probable arylamine n-acetyl transferase/Hypothetical protein	</>			MAB_0013c		MAB_0013c/MAB_0014			MAB_0013c	snp_intergenic		0	0	T		13966	13966	13966	0	0	G	CU458896		intergenic	-1	output			SNP
									MAB_0013c/MAB_0014	intergenic (-123/-21)	Probable arylamine n-acetyl transferase/Hypothetical protein	</>			MAB_0013c		MAB_0013c/MAB_0014			MAB_0013c	snp_intergenic		0	0	G		14039	14039	14039	0	0	A	CU458896		intergenic	-1	output			SNP
									MAB_0013c/MAB_0014	intergenic (-143/-1)	Probable arylamine n-acetyl transferase/Hypothetical protein	</>			MAB_0013c		MAB_0013c/MAB_0014			MAB_0013c	snp_intergenic		0	0	A		14059	14059	14059	0	0	G	CU458896		intergenic	-1	output			SNP
A	42	A		GCA	42	3		GCG	MAB_0014	126	Hypothetical protein	>		MAB_0014			MAB_0014		MAB_0014		snp_synonymous		0	0	A		14185	14185	14185	0	0	G	CU458896		synonymous	-1	output	11		SNP
Q	54	P		CAG	54	2		CCG	MAB_0014	161	Hypothetical protein	>		MAB_0014			MAB_0014		MAB_0014		snp_nonsynonymous		0	0	A		14220	14220	14220	0	0	C	CU458896		nonsynonymous	-1	output	11		SNP
									MAB_0014	coding (165-166/225 nt)	Hypothetical protein	>	MAB_0014				MAB_0014	MAB_0014			small_indel		0	0	CC		14224	14225	14224	0	0	TG	CU458896	2		-1	output			SUB
									MAB_0014/MAB_0015	intergenic (+1/-16)	Hypothetical protein/Hypothetical protein	>/>			MAB_0015		MAB_0014/MAB_0015			MAB_0015	snp_intergenic		0	0	T		14285	14285	14285	0	0	C	CU458896		intergenic	-1	output			SNP
G	16	G		GGG	16	3		GGT	MAB_0015	48	Hypothetical protein	>		MAB_0015			MAB_0015		MAB_0015		snp_synonymous		0	0	G		14348	14348	14348	0	0	T	CU458896		synonymous	-1	output	11		SNP
L	20	L		CTC	20	3		CTG	MAB_0015	60	Hypothetical protein	>		MAB_0015			MAB_0015		MAB_0015		snp_synonymous		0	0	C		14360	14360	14360	0	0	G	CU458896		synonymous	-1	output	11		SNP
T	27	A		ACC	27	1		GCC	MAB_0015	79	Hypothetical protein	>		MAB_0015			MAB_0015		MAB_0015		snp_nonsynonymous		0	0	A		14379	14379	14379	0	0	G	CU458896		nonsynonymous	-1	output	11		SNP
G	36	G		GGG	36	3		GGC	MAB_0015	108	Hypothetical protein	>		MAB_0015			MAB_0015		MAB_0015		snp_synonymous		0	0	G		14408	14408	14408	0	0	C	CU458896		synonymous	-1	output	11		SNP
P	37	P		CCA	37	3		CCG	MAB_0015	111	Hypothetical protein	>		MAB_0015			MAB_0015		MAB_0015		snp_synonymous		0	0	A		14411	14411	14411	0	0	G	CU458896		synonymous	-1	output	11		SNP
K	39	K		AAA	39	3		AAG	MAB_0015	117	Hypothetical protein	>		MAB_0015			MAB_0015		MAB_0015		snp_synonymous		0	0	A		14417	14417	14417	0	0	G	CU458896		synonymous	-1	output	11		SNP
H	53	H		CAC	53	3		CAT	MAB_0015	159	Hypothetical protein	>		MAB_0015			MAB_0015		MAB_0015		snp_synonymous		0	0	C		14459	14459	14459	0	0	T	CU458896		synonymous	-1	output	11		SNP
A	55	A		GCC	55	3		GCT	MAB_0015	165	Hypothetical protein	>		MAB_0015			MAB_0015		MAB_0015		snp_synonymous		0	0	C		14465	14465	14465	0	0	T	CU458896		synonymous	-1	output	11		SNP
E	64	D		GAG	64	3		GAT	MAB_0015	192	Hypothetical protein	>		MAB_0015			MAB_0015		MAB_0015		snp_nonsynonymous		0	0	G		14492	14492	14492	0	0	T	CU458896		nonsynonymous	-1	output	11		SNP
L	69	L		TTG	69	3		TTA	MAB_0015	207	Hypothetical protein	>		MAB_0015			MAB_0015		MAB_0015		snp_synonymous		0	0	G		14507	14507	14507	0	0	A	CU458896		synonymous	-1	output	11		SNP
G	70	G		GGT	70	3		GGC	MAB_0015	210	Hypothetical protein	>		MAB_0015			MAB_0015		MAB_0015		snp_synonymous		0	0	T		14510	14510	14510	0	0	C	CU458896		synonymous	-1	output	11		SNP
N	86	N		AAT	86	3		AAC	MAB_0015	258	Hypothetical protein	>		MAB_0015			MAB_0015		MAB_0015		snp_synonymous		0	0	T		14558	14558	14558	0	0	C	CU458896		synonymous	-1	output	11		SNP
S	89	S		TCT	89	3		TCC	MAB_0015	267	Hypothetical protein	>		MAB_0015			MAB_0015		MAB_0015		snp_synonymous		0	0	T		14567	14567	14567	0	0	C	CU458896		synonymous	-1	output	11		SNP
D	13	D		GAT	13	3		GAC	MAB_0016	39	Conserved hypothetical protein	>		MAB_0016			MAB_0016		MAB_0016		snp_synonymous		0	0	T		14636	14636	14636	0	0	C	CU458896		synonymous	-1	output	11		SNP
D	24	D		GAT	24	3		GAC	MAB_0016	72	Conserved hypothetical protein	>		MAB_0016			MAB_0016		MAB_0016		snp_synonymous		0	0	T		14669	14669	14669	0	0	C	CU458896		synonymous	-1	output	11		SNP
Q	44	R		CAG	44	2		CGG	MAB_0016	131	Conserved hypothetical protein	>		MAB_0016			MAB_0016		MAB_0016		snp_nonsynonymous		0	0	A		14728	14728	14728	0	0	G	CU458896		nonsynonymous	-1	output	11		SNP
P	66	P		CCG	66	3		CCA	MAB_0016	198	Conserved hypothetical protein	>		MAB_0016			MAB_0016		MAB_0016		snp_synonymous		0	0	G		14795	14795	14795	0	0	A	CU458896		synonymous	-1	output	11		SNP
E	102	E		GAG	102	3		GAA	MAB_0016	306	Conserved hypothetical protein	>		MAB_0016			MAB_0016		MAB_0016		snp_synonymous		0	0	G		14903	14903	14903	0	0	A	CU458896		synonymous	-1	output	11		SNP
S	111	S		TCG	111	3		TCA	MAB_0016	333	Conserved hypothetical protein	>		MAB_0016			MAB_0016		MAB_0016		snp_synonymous		0	0	G		14930	14930	14930	0	0	A	CU458896		synonymous	-1	output	11		SNP
R	116	R		CGA	116	3		CGG	MAB_0016	348	Conserved hypothetical protein	>		MAB_0016			MAB_0016		MAB_0016		snp_synonymous		0	0	A		14945	14945	14945	0	0	G	CU458896		synonymous	-1	output	11		SNP
S	117	S		TCG	117	3		TCA	MAB_0016	351	Conserved hypothetical protein	>		MAB_0016			MAB_0016		MAB_0016		snp_synonymous		0	0	G		14948	14948	14948	0	0	A	CU458896		synonymous	-1	output	11		SNP
S	119	S		TCT	119	3		TCG	MAB_0016	357	Conserved hypothetical protein	>		MAB_0016			MAB_0016		MAB_0016		snp_synonymous		0	0	T		14954	14954	14954	0	0	G	CU458896		synonymous	-1	output	11		SNP
L	137	L		CTG	137	1		TTG	MAB_0016	409	Conserved hypothetical protein	>		MAB_0016			MAB_0016		MAB_0016		snp_synonymous		0	0	C		15006	15006	15006	0	0	T	CU458896		synonymous	-1	output	11		SNP
T	147	T		ACC	147	3		ACG	MAB_0016	441	Conserved hypothetical protein	>		MAB_0016			MAB_0016		MAB_0016		snp_synonymous		0	0	C		15038	15038	15038	0	0	G	CU458896		synonymous	-1	output	11		SNP
									MAB_0016/MAB_0017	intergenic (+526/-19)	Conserved hypothetical protein/Conserved hypothetical protein	>/>			MAB_0017		MAB_0016/MAB_0017			MAB_0017	snp_intergenic		0	0	G		16671	16671	16671	0	0	A	CU458896		intergenic	-1	output			SNP
H	24	H		CAT	24	3		CAC	MAB_0017	72	Conserved hypothetical protein	>		MAB_0017			MAB_0017		MAB_0017		snp_synonymous		0	0	T		16761	16761	16761	0	0	C	CU458896		synonymous	-1	output	11		SNP
K	37	K		AAA	37	3		AAG	MAB_0017	111	Conserved hypothetical protein	>		MAB_0017			MAB_0017		MAB_0017		snp_synonymous		0	0	A		16800	16800	16800	0	0	G	CU458896		synonymous	-1	output	11		SNP
I	41	I		ATC	41	3		ATT	MAB_0017	123	Conserved hypothetical protein	>		MAB_0017			MAB_0017		MAB_0017		snp_synonymous		0	0	C		16812	16812	16812	0	0	T	CU458896		synonymous	-1	output	11		SNP
L	50	L		CTG	50	1		TTG	MAB_0017	148	Conserved hypothetical protein	>		MAB_0017			MAB_0017		MAB_0017		snp_synonymous		0	0	C		16837	16837	16837	0	0	T	CU458896		synonymous	-1	output	11		SNP
R	102	R		AGG	102	3		AGA	MAB_0017	306	Conserved hypothetical protein	>		MAB_0017			MAB_0017		MAB_0017		snp_synonymous		0	0	G		16995	16995	16995	0	0	A	CU458896		synonymous	-1	output	11		SNP
S	140	S		TCA	140	3		TCC	MAB_0017	420	Conserved hypothetical protein	>		MAB_0017			MAB_0017		MAB_0017		snp_synonymous		0	0	A		17109	17109	17109	0	0	C	CU458896		synonymous	-1	output	11		SNP
Y	241	D		TAC	241	1		GAC	MAB_0018c	721	Putative methyltransferase	<		MAB_0018c			MAB_0018c		MAB_0018c		snp_nonsynonymous		0	0	A		17469	17469	17469	0	0	C	CU458896		nonsynonymous	-1	output	11		SNP
Q	233	Q		CAG	233	3		CAA	MAB_0018c	699	Putative methyltransferase	<		MAB_0018c			MAB_0018c		MAB_0018c		snp_synonymous		0	0	C		17491	17491	17491	0	0	T	CU458896		synonymous	-1	output	11		SNP
A	229	A		GCA	229	3		GCG	MAB_0018c	687	Putative methyltransferase	<		MAB_0018c			MAB_0018c		MAB_0018c		snp_synonymous		0	0	T		17503	17503	17503	0	0	C	CU458896		synonymous	-1	output	11		SNP
A	223	A		GCA	223	3		GCG	MAB_0018c	669	Putative methyltransferase	<		MAB_0018c			MAB_0018c		MAB_0018c		snp_synonymous		0	0	T		17521	17521	17521	0	0	C	CU458896		synonymous	-1	output	11		SNP
G	220	G		GGG	220	3		GGA	MAB_0018c	660	Putative methyltransferase	<		MAB_0018c			MAB_0018c		MAB_0018c		snp_synonymous		0	0	C		17530	17530	17530	0	0	T	CU458896		synonymous	-1	output	11		SNP
L	193	M		TTG	193	1		ATG	MAB_0018c	577	Putative methyltransferase	<		MAB_0018c			MAB_0018c		MAB_0018c		snp_nonsynonymous		0	0	A		17613	17613	17613	0	0	T	CU458896		nonsynonymous	-1	output	11		SNP
P	189	P		CCG	189	3		CCC	MAB_0018c	567	Putative methyltransferase	<		MAB_0018c			MAB_0018c		MAB_0018c		snp_synonymous		0	0	C		17623	17623	17623	0	0	G	CU458896		synonymous	-1	output	11		SNP
C	100	C		TGC	100	3		TGT	MAB_0018c	300	Putative methyltransferase	<		MAB_0018c			MAB_0018c		MAB_0018c		snp_synonymous		0	0	G		17890	17890	17890	0	0	A	CU458896		synonymous	-1	output	11		SNP
R	81	R		CGT	81	3		CGC	MAB_0018c	243	Putative methyltransferase	<		MAB_0018c			MAB_0018c		MAB_0018c		snp_synonymous		0	0	A		17947	17947	17947	0	0	G	CU458896		synonymous	-1	output	11		SNP
A	28	A		GCA	28	3		GCG	MAB_0018c	84	Putative methyltransferase	<		MAB_0018c			MAB_0018c		MAB_0018c		snp_synonymous		0	0	T		18106	18106	18106	0	0	C	CU458896		synonymous	-1	output	11		SNP
									MAB_0018c/MAB_0019	intergenic (-95/-105)	Putative methyltransferase/DNA gyrase (subunit A) GyrA (DNA topoisomerase)	</>			MAB_0018c		MAB_0018c/MAB_0019			MAB_0018c	snp_intergenic		0	0	A		18284	18284	18284	0	0	C	CU458896		intergenic	-1	output			SNP
									MAB_0018c/MAB_0019	intergenic (-139/-61)	Putative methyltransferase/DNA gyrase (subunit A) GyrA (DNA topoisomerase)	</>			MAB_0018c		MAB_0018c/MAB_0019			MAB_0018c	snp_intergenic		0	0	T		18328	18328	18328	0	0	C	CU458896		intergenic	-1	output			SNP
R	77	R		CGA	77	3		CGC	MAB_0019	231	DNA gyrase (subunit A) GyrA (DNA topoisomerase)	>		MAB_0019			MAB_0019		MAB_0019		snp_synonymous		0	0	A		18619	18619	18619	0	0	C	CU458896		synonymous	-1	output	11		SNP
A	126	A		GCC	126	3		GCG	MAB_0019	378	DNA gyrase (subunit A) GyrA (DNA topoisomerase)	>		MAB_0019			MAB_0019		MAB_0019		snp_synonymous		0	0	C		18766	18766	18766	0	0	G	CU458896		synonymous	-1	output	11		SNP
T	217	T		ACC	217	3		ACT	MAB_0019	651	DNA gyrase (subunit A) GyrA (DNA topoisomerase)	>		MAB_0019			MAB_0019		MAB_0019		snp_synonymous		0	0	C		19039	19039	19039	0	0	T	CU458896		synonymous	-1	output	11		SNP
V	319	V		GTG	319	3		GTA	MAB_0019	957	DNA gyrase (subunit A) GyrA (DNA topoisomerase)	>		MAB_0019			MAB_0019		MAB_0019		snp_synonymous		0	0	G		19345	19345	19345	0	0	A	CU458896		synonymous	-1	output	11		SNP
R	359	R		CGG	359	3		CGT	MAB_0019	1077	DNA gyrase (subunit A) GyrA (DNA topoisomerase)	>		MAB_0019			MAB_0019		MAB_0019		snp_synonymous		0	0	G		19465	19465	19465	0	0	T	CU458896		synonymous	-1	output	11		SNP
D	373	D		GAT	373	3		GAC	MAB_0019	1119	DNA gyrase (subunit A) GyrA (DNA topoisomerase)	>		MAB_0019			MAB_0019		MAB_0019		snp_synonymous		0	0	T		19507	19507	19507	0	0	C	CU458896		synonymous	-1	output	11		SNP
I	376	I		ATC	376	3		ATT	MAB_0019	1128	DNA gyrase (subunit A) GyrA (DNA topoisomerase)	>		MAB_0019			MAB_0019		MAB_0019		snp_synonymous		0	0	C		19516	19516	19516	0	0	T	CU458896		synonymous	-1	output	11		SNP
L	423	L		CTA	423	3		CTG	MAB_0019	1269	DNA gyrase (subunit A) GyrA (DNA topoisomerase)	>		MAB_0019			MAB_0019		MAB_0019		snp_synonymous		0	0	A		19657	19657	19657	0	0	G	CU458896		synonymous	-1	output	11		SNP
D	430	D		GAC	430	3		GAT	MAB_0019	1290	DNA gyrase (subunit A) GyrA (DNA topoisomerase)	>		MAB_0019			MAB_0019		MAB_0019		snp_synonymous		0	0	C		19678	19678	19678	0	0	T	CU458896		synonymous	-1	output	11		SNP
A	503	A		GCC	503	3		GCG	MAB_0019	1509	DNA gyrase (subunit A) GyrA (DNA topoisomerase)	>		MAB_0019			MAB_0019		MAB_0019		snp_synonymous		0	0	C		19897	19897	19897	0	0	G	CU458896		synonymous	-1	output	11		SNP
R	515	R		CGC	515	3		CGT	MAB_0019	1545	DNA gyrase (subunit A) GyrA (DNA topoisomerase)	>		MAB_0019			MAB_0019		MAB_0019		snp_synonymous		0	0	C		19933	19933	19933	0	0	T	CU458896		synonymous	-1	output	11		SNP
D	517	D		GAT	517	3		GAC	MAB_0019	1551	DNA gyrase (subunit A) GyrA (DNA topoisomerase)	>		MAB_0019			MAB_0019		MAB_0019		snp_synonymous		0	0	T		19939	19939	19939	0	0	C	CU458896		synonymous	-1	output	11		SNP
G	542	G		GGC	542	3		GGT	MAB_0019	1626	DNA gyrase (subunit A) GyrA (DNA topoisomerase)	>		MAB_0019			MAB_0019		MAB_0019		snp_synonymous		0	0	C		20014	20014	20014	0	0	T	CU458896		synonymous	-1	output	11		SNP
A	549	A		GCT	549	3		GCC	MAB_0019	1647	DNA gyrase (subunit A) GyrA (DNA topoisomerase)	>		MAB_0019			MAB_0019		MAB_0019		snp_synonymous		0	0	T		20035	20035	20035	0	0	C	CU458896		synonymous	-1	output	11		SNP
E	620	E		GAA	620	3		GAG	MAB_0019	1860	DNA gyrase (subunit A) GyrA (DNA topoisomerase)	>		MAB_0019			MAB_0019		MAB_0019		snp_synonymous		0	0	A		20248	20248	20248	0	0	G	CU458896		synonymous	-1	output	11		SNP
D	659	D		GAT	659	3		GAC	MAB_0019	1977	DNA gyrase (subunit A) GyrA (DNA topoisomerase)	>		MAB_0019			MAB_0019		MAB_0019		snp_synonymous		0	0	T		20365	20365	20365	0	0	C	CU458896		synonymous	-1	output	11		SNP
D	671	D		GAT	671	3		GAC	MAB_0019	2013	DNA gyrase (subunit A) GyrA (DNA topoisomerase)	>		MAB_0019			MAB_0019		MAB_0019		snp_synonymous		0	0	T		20401	20401	20401	0	0	C	CU458896		synonymous	-1	output	11		SNP
L	692	L		CTG	692	1		TTG	MAB_0019	2074	DNA gyrase (subunit A) GyrA (DNA topoisomerase)	>		MAB_0019			MAB_0019		MAB_0019		snp_synonymous		0	0	C		20462	20462	20462	0	0	T	CU458896		synonymous	-1	output	11		SNP
N	717	N		AAT	717	3		AAC	MAB_0019	2151	DNA gyrase (subunit A) GyrA (DNA topoisomerase)	>		MAB_0019			MAB_0019		MAB_0019		snp_synonymous		0	0	T		20539	20539	20539	0	0	C	CU458896		synonymous	-1	output	11		SNP
R	720	R		CGC	720	3		CGT	MAB_0019	2160	DNA gyrase (subunit A) GyrA (DNA topoisomerase)	>		MAB_0019			MAB_0019		MAB_0019		snp_synonymous		0	0	C		20548	20548	20548	0	0	T	CU458896		synonymous	-1	output	11		SNP
A	738	A		GCG	738	3		GCC	MAB_0019	2214	DNA gyrase (subunit A) GyrA (DNA topoisomerase)	>		MAB_0019			MAB_0019		MAB_0019		snp_synonymous		0	0	G		20602	20602	20602	0	0	C	CU458896		synonymous	-1	output	11		SNP
P	743	P		CCG	743	3		CCA	MAB_0019	2229	DNA gyrase (subunit A) GyrA (DNA topoisomerase)	>		MAB_0019			MAB_0019		MAB_0019		snp_synonymous		0	0	G		20617	20617	20617	0	0	A	CU458896		synonymous	-1	output	11		SNP
G	766	G		GGC	766	3		GGT	MAB_0019	2298	DNA gyrase (subunit A) GyrA (DNA topoisomerase)	>		MAB_0019			MAB_0019		MAB_0019		snp_synonymous		0	0	C		20686	20686	20686	0	0	T	CU458896		synonymous	-1	output	11		SNP
A	65	A		GCC	65	3		GCT	MAB_0020	195	Conserved hypothetical protein	>		MAB_0020			MAB_0020		MAB_0020		snp_synonymous		0	0	C		21113	21113	21113	0	0	T	CU458896		synonymous	-1	output	11		SNP
P	69	P		CCC	69	3		CCT	MAB_0020	207	Conserved hypothetical protein	>		MAB_0020			MAB_0020		MAB_0020		snp_synonymous		0	0	C		21125	21125	21125	0	0	T	CU458896		synonymous	-1	output	11		SNP
S	193	S		TCC	193	3		TCG	MAB_0020	579	Conserved hypothetical protein	>		MAB_0020			MAB_0020		MAB_0020		snp_synonymous		0	0	C		21497	21497	21497	0	0	G	CU458896		synonymous	-1	output	11		SNP
N	280	N		AAC	280	3		AAT	MAB_0020	840	Conserved hypothetical protein	>		MAB_0020			MAB_0020		MAB_0020		snp_synonymous		0	0	C		21758	21758	21758	0	0	T	CU458896		synonymous	-1	output	11		SNP
L	283	L		CTC	283	3		CTG	MAB_0020	849	Conserved hypothetical protein	>		MAB_0020			MAB_0020		MAB_0020		snp_synonymous		0	0	C		21767	21767	21767	0	0	G	CU458896		synonymous	-1	output	11		SNP
I	290	I		ATC	290	3		ATT	MAB_0020	870	Conserved hypothetical protein	>		MAB_0020			MAB_0020		MAB_0020		snp_synonymous		0	0	C		21788	21788	21788	0	0	T	CU458896		synonymous	-1	output	11		SNP
G	303	G		GGT	303	3		GGA	MAB_0020	909	Conserved hypothetical protein	>		MAB_0020			MAB_0020		MAB_0020		snp_synonymous		0	0	T		21827	21827	21827	0	0	A	CU458896		synonymous	-1	output	11		SNP
									MAB_0020/tRNA-Ile(GAT)	intergenic (+26/-23)	Conserved hypothetical protein/tRNA-Ile(GAT)	>/>			tRNA-Ile(GAT)		MAB_0020/MAB_t5001			MAB_t5001	snp_intergenic		0	0	C		21886	21886	21886	0	0	G	CU458896		intergenic	-1	output			SNP
									tRNA-Ile(GAT)/tRNA-Ala(TGC)	intergenic (+16/-111)	tRNA-Ile(GAT)/tRNA-Ala(TGC)	>/>			tRNA-Ala(TGC)		MAB_t5001/MAB_t5002			MAB_t5002	snp_intergenic		0	0	T		22001	22001	22001	0	0	C	CU458896		intergenic	-1	output			SNP
									tRNA-Ile(GAT)/tRNA-Ala(TGC)	intergenic (+46/-81)	tRNA-Ile(GAT)/tRNA-Ala(TGC)	>/>			tRNA-Ala(TGC)		MAB_t5001/MAB_t5002			MAB_t5002	snp_intergenic		0	0	A		22031	22031	22031	0	0	C	CU458896		intergenic	-1	output			SNP
									tRNA-Ile(GAT)/tRNA-Ala(TGC)	intergenic (+49/-77)	tRNA-Ile(GAT)/tRNA-Ala(TGC)	>/>			tRNA-Ala(TGC)		MAB_t5001/MAB_t5002			MAB_t5002	small_indel		0	0	AC		22034	22035	22034	0	0	TT	CU458896	2		-1	output			SUB
									tRNA-Ile(GAT)/tRNA-Ala(TGC)	intergenic (+53/-74)	tRNA-Ile(GAT)/tRNA-Ala(TGC)	>/>			tRNA-Ala(TGC)		MAB_t5001/MAB_t5002			MAB_t5002	snp_intergenic		0	0	C		22038	22038	22038	0	0	T	CU458896		intergenic	-1	output			SNP
									tRNA-Ile(GAT)/tRNA-Ala(TGC)	intergenic (+80/-47)	tRNA-Ile(GAT)/tRNA-Ala(TGC)	>/>			tRNA-Ala(TGC)		MAB_t5001/MAB_t5002			MAB_t5002	snp_intergenic		0	0	A		22065	22065	22065	0	0	G	CU458896		intergenic	-1	output			SNP
A	382	A		GCC	382	3		GCG	MAB_0022c	1146	Probable permease	<		MAB_0022c			MAB_0022c		MAB_0022c		snp_synonymous		0	0	G		22284	22284	22284	0	0	C	CU458896		synonymous	-1	output	11		SNP
A	369	G		GCC	369	2		GGC	MAB_0022c	1106	Probable permease	<		MAB_0022c			MAB_0022c		MAB_0022c		snp_nonsynonymous		0	0	G		22324	22324	22324	0	0	C	CU458896		nonsynonymous	-1	output	11		SNP
L	319	L		CTG	319	3		CTA	MAB_0022c	957	Probable permease	<		MAB_0022c			MAB_0022c		MAB_0022c		snp_synonymous		0	0	C		22473	22473	22473	0	0	T	CU458896		synonymous	-1	output	11		SNP
G	283	G		GGA	283	3		GGG	MAB_0022c	849	Probable permease	<		MAB_0022c			MAB_0022c		MAB_0022c		snp_synonymous		0	0	T		22581	22581	22581	0	0	C	CU458896		synonymous	-1	output	11		SNP
S	70	S		AGT	70	3		AGC	MAB_0022c	210	Probable permease	<		MAB_0022c			MAB_0022c		MAB_0022c		snp_synonymous		0	0	A		23220	23220	23220	0	0	G	CU458896		synonymous	-1	output	11		SNP
Q	64	Q		CAG	64	3		CAA	MAB_0022c	192	Probable permease	<		MAB_0022c			MAB_0022c		MAB_0022c		snp_synonymous		0	0	C		23238	23238	23238	0	0	T	CU458896		synonymous	-1	output	11		SNP
F	62	L		TTC	62	1		CTC	MAB_0022c	184	Probable permease	<		MAB_0022c			MAB_0022c		MAB_0022c		snp_nonsynonymous		0	0	A		23246	23246	23246	0	0	G	CU458896		nonsynonymous	-1	output	11		SNP
E	43	D		GAA	43	3		GAT	MAB_0022c	129	Probable permease	<		MAB_0022c			MAB_0022c		MAB_0022c		snp_nonsynonymous		0	0	T		23301	23301	23301	0	0	A	CU458896		nonsynonymous	-1	output	11		SNP
									MAB_0022c/MAB_0023	intergenic (-52/-20)	Probable permease/Transcriptional regulator, LysR family	</>			MAB_0022c		MAB_0022c/MAB_0023			MAB_0022c	snp_intergenic		0	0	A		23481	23481	23481	0	0	G	CU458896		intergenic	-1	output			SNP
P	48	S		CCG	48	1		TCG	MAB_0023	142	Transcriptional regulator, LysR family	>		MAB_0023			MAB_0023		MAB_0023		snp_nonsynonymous		0	0	C		23642	23642	23642	0	0	T	CU458896		nonsynonymous	-1	output	11		SNP
A	80	T		GCG	80	1		ACG	MAB_0023	238	Transcriptional regulator, LysR family	>		MAB_0023			MAB_0023		MAB_0023		snp_nonsynonymous		0	0	G		23738	23738	23738	0	0	A	CU458896		nonsynonymous	-1	output	11		SNP
A	175	A		GCA	175	3		GCG	MAB_0023	525	Transcriptional regulator, LysR family	>		MAB_0023			MAB_0023		MAB_0023		snp_synonymous		0	0	A		24025	24025	24025	0	0	G	CU458896		synonymous	-1	output	11		SNP
G	269	E		GGG	269	2		GAG	MAB_0023	806	Transcriptional regulator, LysR family	>		MAB_0023			MAB_0023		MAB_0023		snp_nonsynonymous		0	0	G		24306	24306	24306	0	0	A	CU458896		nonsynonymous	-1	output	11		SNP
									MAB_0023/MAB_0024c	intergenic (+5/+16)	Transcriptional regulator, LysR family/Conserved hypothetical protein	>/<			MAB_0024c		MAB_0023/MAB_0024c			MAB_0024c	snp_intergenic		0	0	C		24423	24423	24423	0	0	G	CU458896		intergenic	-1	output			SNP
									MAB_0024c/MAB_0025	intergenic (-125/-35)	Conserved hypothetical protein/Peptidyl-prolyl cis-trans isomerase	</>			MAB_0024c		MAB_0024c/MAB_0025			MAB_0024c	snp_intergenic		0	0	G		24968	24968	24968	0	0	A	CU458896		intergenic	-1	output			SNP
D	47	E		GAC	47	3		GAG	MAB_0025	141	Peptidyl-prolyl cis-trans isomerase	>		MAB_0025			MAB_0025		MAB_0025		snp_nonsynonymous		0	0	C		25143	25143	25143	0	0	G	CU458896		nonsynonymous	-1	output	11		SNP
E	72	D		GAA	72	3		GAC	MAB_0025	216	Peptidyl-prolyl cis-trans isomerase	>		MAB_0025			MAB_0025		MAB_0025		snp_nonsynonymous		0	0	A		25218	25218	25218	0	0	C	CU458896		nonsynonymous	-1	output	11		SNP
A	154	S		GCC	154	1		TCC	MAB_0025	460	Peptidyl-prolyl cis-trans isomerase	>		MAB_0025			MAB_0025		MAB_0025		snp_nonsynonymous		0	0	G		25462	25462	25462	0	0	T	CU458896		nonsynonymous	-1	output	11		SNP
D	169	D		GAC	169	3		GAT	MAB_0025	507	Peptidyl-prolyl cis-trans isomerase	>		MAB_0025			MAB_0025		MAB_0025		snp_synonymous		0	0	C		25509	25509	25509	0	0	T	CU458896		synonymous	-1	output	11		SNP
G	42	G		GGA	42	3		GGG	MAB_0026	126	Rhomboid family protein	>		MAB_0026			MAB_0026		MAB_0026		snp_synonymous		0	0	A		25671	25671	25671	0	0	G	CU458896		synonymous	-1	output	11		SNP
D	90	G		GAC	90	2		GGC	MAB_0026	269	Rhomboid family protein	>		MAB_0026			MAB_0026		MAB_0026		snp_nonsynonymous		0	0	A		25814	25814	25814	0	0	G	CU458896		nonsynonymous	-1	output	11		SNP
F	171	L		TTC	171	1		CTC	MAB_0026	511	Rhomboid family protein	>		MAB_0026			MAB_0026		MAB_0026		snp_nonsynonymous		0	0	T		26056	26056	26056	0	0	C	CU458896		nonsynonymous	-1	output	11		SNP
I	251	I		ATC	251	3		ATA	MAB_0026	753	Rhomboid family protein	>		MAB_0026			MAB_0026		MAB_0026		snp_synonymous		0	0	C		26298	26298	26298	0	0	A	CU458896		synonymous	-1	output	11		SNP
A	278	A		GCT	278	3		GCC	MAB_0027c	834	Conserved hypothetical protein	<		MAB_0027c			MAB_0027c		MAB_0027c		snp_synonymous		0	0	A		26532	26532	26532	0	0	G	CU458896		synonymous	-1	output	11		SNP
									MAB_0027c/MAB_0028c	intergenic (-7/+52)	Conserved hypothetical protein/Conserved hypothetical protein	</<			MAB_0027c		MAB_0027c/MAB_0028c			MAB_0027c	snp_intergenic		0	0	T		27372	27372	27372	0	0	G	CU458896		intergenic	-1	output			SNP
S	72	G		AGC	72	1		GGC	MAB_0028c	214	Conserved hypothetical protein	<		MAB_0028c			MAB_0028c		MAB_0028c		snp_nonsynonymous		0	0	T		27636	27636	27636	0	0	C	CU458896		nonsynonymous	-1	output	11		SNP
									MAB_0028c/MAB_0029c	intergenic (-99/+56)	Conserved hypothetical protein/Conserved hypothetical membrane protein	</<			MAB_0028c		MAB_0028c/MAB_0029c			MAB_0028c	snp_intergenic		0	0	C		27948	27948	27948	0	0	T	CU458896		intergenic	-1	output			SNP
P	21	P		CCA	21	3		CCC	MAB_0029c	63	Conserved hypothetical membrane protein	<		MAB_0029c			MAB_0029c		MAB_0029c		snp_synonymous		0	0	T		28205	28205	28205	0	0	G	CU458896		synonymous	-1	output	11		SNP
V	63	V		GTT	63	3		GTG	MAB_0030	189	Conserved hypothetical protein	>		MAB_0030			MAB_0030		MAB_0030		snp_synonymous		0	0	T		28575	28575	28575	0	0	G	CU458896		synonymous	-1	output	11		SNP
V	4	V		GTA	4	3		GTG	MAB_0031	12	Conserved hypothetical protein	>		MAB_0031			MAB_0031		MAB_0031		snp_synonymous		0	0	A		28610	28610	28610	0	0	G	CU458896		synonymous	-1	output	11		SNP
R	39	R		CGA	39	3		CGC	MAB_0031	117	Conserved hypothetical protein	>		MAB_0031			MAB_0031		MAB_0031		snp_synonymous		0	0	A		28715	28715	28715	0	0	C	CU458896		synonymous	-1	output	11		SNP
P	95	P		CCC	95	3		CCT	MAB_0031	285	Conserved hypothetical protein	>		MAB_0031			MAB_0031		MAB_0031		snp_synonymous		0	0	C		28883	28883	28883	0	0	T	CU458896		synonymous	-1	output	11		SNP
V	13	V		GTA	13	3		GTG	MAB_0032	39	Glutamine amidotransferase of anthranilate synthase component II (PabA)	>		MAB_0032			MAB_0032		MAB_0032		snp_synonymous		0	0	A		29411	29411	29411	0	0	G	CU458896		synonymous	-1	output	11		SNP
N	32	N		AAT	32	3		AAC	MAB_0032	96	Glutamine amidotransferase of anthranilate synthase component II (PabA)	>		MAB_0032			MAB_0032		MAB_0032		snp_synonymous		0	0	T		29468	29468	29468	0	0	C	CU458896		synonymous	-1	output	11		SNP
D	41	D		GAT	41	3		GAC	MAB_0032	123	Glutamine amidotransferase of anthranilate synthase component II (PabA)	>		MAB_0032			MAB_0032		MAB_0032		snp_synonymous		0	0	T		29495	29495	29495	0	0	C	CU458896		synonymous	-1	output	11		SNP
G	49	G		GGG	49	3		GGT	MAB_0032	147	Glutamine amidotransferase of anthranilate synthase component II (PabA)	>		MAB_0032			MAB_0032		MAB_0032		snp_synonymous		0	0	G		29519	29519	29519	0	0	T	CU458896		synonymous	-1	output	11		SNP
V	50	V		GTA	50	3		GTG	MAB_0032	150	Glutamine amidotransferase of anthranilate synthase component II (PabA)	>		MAB_0032			MAB_0032		MAB_0032		snp_synonymous		0	0	A		29522	29522	29522	0	0	G	CU458896		synonymous	-1	output	11		SNP
P	54	P		CCG	54	3		CCA	MAB_0032	162	Glutamine amidotransferase of anthranilate synthase component II (PabA)	>		MAB_0032			MAB_0032		MAB_0032		snp_synonymous		0	0	G		29534	29534	29534	0	0	A	CU458896		synonymous	-1	output	11		SNP
G	55	G		GGC	55	3		GGA	MAB_0032	165	Glutamine amidotransferase of anthranilate synthase component II (PabA)	>		MAB_0032			MAB_0032		MAB_0032		snp_synonymous		0	0	C		29537	29537	29537	0	0	A	CU458896		synonymous	-1	output	11		SNP
